energia_ren,pais,year,percentagem,mio_t_co2eq,meta_eu
REN,AT,2004,22.553,76.16585,19.947
REN,BE,2004,1.916,146.05407,40.584
REN,BG,2004,9.231,48.69074,33.269
REN,CY,2004,3.071,9.02067,39.429
REN,CZ,2004,6.773,139.10302,35.727000000000004
REN,DE,2004,6.207,1024.13037,36.293
REN,DK,2004,14.839,77.76726,27.661
REN,EE,2004,18.42,18.39079,24.08
REN,EL,2004,7.161,129.49193,35.339
REN,ES,2004,8.345,375.51946,34.155
REN,FI,2004,29.232,47.66438,13.268
REN,FR,2004,9.319,493.31814,33.181
REN,HR,2004,23.404,21.61964,19.096
REN,HU,2004,4.364,74.11611,38.136
REN,IE,2004,2.378,75.24233,40.122
REN,IT,2004,6.316,549.92732,36.184
REN,LT,2004,17.221,16.93292,25.279
REN,LU,2004,0.899,12.13778,41.601
REN,LV,2004,32.794,3.48282,9.706000000000003
REN,MT,2004,0.102,3.17247,42.398
REN,NL,2004,2.03,224.71241,40.47
REN,PL,2004,6.882,341.29746,35.618
REN,PT,2004,19.205,82.97295,23.295
REN,RO,2004,16.811,118.29609,25.689
REN,SE,2004,38.427,12.42323,4.073
REN,SI,2004,18.397,13.19647,24.103
REN,SK,2004,6.391,43.93226,36.109
REN_ELC,AT,2004,61.627,76.16585,-19.127000000000002
REN_ELC,BE,2004,1.714,146.05407,40.786
REN_ELC,BG,2004,8.358,48.69074,34.141999999999996
REN_ELC,CY,2004,0.019,9.02067,42.481
REN_ELC,CZ,2004,3.693,139.10302,38.807
REN_ELC,DE,2004,9.436,1024.13037,33.064
REN_ELC,DK,2004,23.754,77.76726,18.746
REN_ELC,EE,2004,0.546,18.39079,41.954
REN_ELC,EL,2004,7.842,129.49193,34.658
REN_ELC,ES,2004,19.018,375.51946,23.482
REN_ELC,FI,2004,26.711,47.66438,15.789000000000001
REN_ELC,FR,2004,13.782,493.31814,28.718
REN_ELC,HR,2004,35.027,21.61964,7.472999999999999
REN_ELC,HU,2004,2.22,74.11611,40.28
REN_ELC,IE,2004,6.031,75.24233,36.469
REN_ELC,IT,2004,16.086,549.92732,26.414
REN_ELC,LT,2004,3.587,16.93292,38.913
REN_ELC,LU,2004,2.765,12.13778,39.735
REN_ELC,LV,2004,45.958,3.48282,-3.4579999999999984
REN_ELC,MT,2004,0.0,3.17247,42.5
REN_ELC,NL,2004,4.446,224.71241,38.054
REN_ELC,PL,2004,2.049,341.29746,40.451
REN_ELC,PT,2004,27.39,82.97295,15.11
REN_ELC,RO,2004,28.427,118.29609,14.073
REN_ELC,SE,2004,51.196,12.42323,-8.695999999999998
REN_ELC,SI,2004,29.271,13.19647,13.229
REN_ELC,SK,2004,15.403,43.93226,27.097
REN_HEAT_CL,AT,2004,20.165,76.16585,22.335
REN_HEAT_CL,BE,2004,2.927,146.05407,39.573
REN_HEAT_CL,BG,2004,14.056,48.69074,28.444000000000003
REN_HEAT_CL,CY,2004,9.264,9.02067,33.236000000000004
REN_HEAT_CL,CZ,2004,9.918,139.10302,32.582
REN_HEAT_CL,DE,2004,7.198,1024.13037,35.302
REN_HEAT_CL,DK,2004,20.501,77.76726,21.999
REN_HEAT_CL,EE,2004,33.361,18.39079,9.139000000000003
REN_HEAT_CL,EL,2004,13.465,129.49193,29.035
REN_HEAT_CL,ES,2004,9.55,375.51946,32.95
REN_HEAT_CL,FI,2004,39.504,47.66438,2.996000000000002
REN_HEAT_CL,FR,2004,12.531,493.31814,29.969
REN_HEAT_CL,HR,2004,29.406,21.61964,13.094000000000001
REN_HEAT_CL,HU,2004,6.45,74.11611,36.05
REN_HEAT_CL,IE,2004,2.873,75.24233,39.627
REN_HEAT_CL,IT,2004,5.713,549.92732,36.787
REN_HEAT_CL,LT,2004,30.439,16.93292,12.061
REN_HEAT_CL,LU,2004,1.822,12.13778,40.678
REN_HEAT_CL,LV,2004,42.488,3.48282,0.012000000000000455
REN_HEAT_CL,MT,2004,1.035,3.17247,41.465
REN_HEAT_CL,NL,2004,2.178,224.71241,40.322
REN_HEAT_CL,PL,2004,10.207,341.29746,32.293
REN_HEAT_CL,PT,2004,32.49,82.97295,10.009999999999998
REN_HEAT_CL,RO,2004,17.337,118.29609,25.163
REN_HEAT_CL,SE,2004,45.929,12.42323,-3.429000000000002
REN_HEAT_CL,SI,2004,22.824,13.19647,19.676
REN_HEAT_CL,SK,2004,5.062,43.93226,37.438
REN_TRA,AT,2004,4.532,76.16585,37.968
REN_TRA,BE,2004,0.642,146.05407,41.858
REN_TRA,BG,2004,0.971,48.69074,41.529
REN_TRA,CY,2004,0.0,9.02067,42.5
REN_TRA,CZ,2004,1.203,139.10302,41.297
REN_TRA,DE,2004,2.136,1024.13037,40.364
REN_TRA,DK,2004,0.445,77.76726,42.055
REN_TRA,EE,2004,0.2,18.39079,42.3
REN_TRA,EL,2004,0.087,129.49193,42.413
REN_TRA,ES,2004,1.035,375.51946,41.465
REN_TRA,FI,2004,1.01,47.66438,41.49
REN_TRA,FR,2004,0.783,493.31814,41.717
REN_TRA,HR,2004,0.995,21.61964,41.505
REN_TRA,HU,2004,1.016,74.11611,41.484
REN_TRA,IE,2004,0.044,75.24233,42.456
REN_TRA,IT,2004,1.213,549.92732,41.287
REN_TRA,LT,2004,0.446,16.93292,42.054
REN_TRA,LU,2004,0.138,12.13778,42.362
REN_TRA,LV,2004,2.139,3.48282,40.361
REN_TRA,MT,2004,0.0,3.17247,42.5
REN_TRA,NL,2004,0.515,224.71241,41.985
REN_TRA,PL,2004,1.581,341.29746,40.919
REN_TRA,PT,2004,0.424,82.97295,42.076
REN_TRA,RO,2004,1.819,118.29609,40.681
REN_TRA,SE,2004,6.288,12.42323,36.212
REN_TRA,SI,2004,0.85,13.19647,41.65
REN_TRA,SK,2004,1.5,43.93226,41.0
REN,AT,2005,24.353,77.89928,18.147
REN,BE,2005,2.325,142.81759,40.175
REN,BG,2005,9.173,48.38235,33.327
REN,CY,2005,3.131,9.1627,39.369
REN,CZ,2005,7.113,137.10309,35.387
REN,DE,2005,7.167,1000.23789,35.333
REN,DK,2005,15.955,73.25151,26.545
REN,EE,2005,17.478,17.7136,25.022
REN,EL,2005,7.277,133.1957,35.223
REN,ES,2005,8.444,389.17408,34.056
REN,FI,2005,28.814,35.54575,13.686
REN,FR,2005,9.272,495.06989,33.228
REN,HR,2005,23.691,21.8555,18.809
REN,HU,2005,6.931,71.50558,35.569
REN,IE,2005,2.822,76.359,39.678
REN,IT,2005,7.549,549.71191,34.951
REN,LT,2005,16.768,18.68277,25.732
REN,LU,2005,1.402,12.43828,41.098
REN,LV,2005,32.264,4.05804,10.235999999999997
REN,MT,2005,0.123,2.98617,42.377
REN,NL,2005,2.478,218.72521,40.022
REN,PL,2005,6.867,341.83969,35.633
REN,PT,2005,19.523,91.31144,22.977
REN,RO,2005,17.571,115.78886,24.929
REN,SE,2005,39.982,8.18075,2.5180000000000007
REN,SI,2005,19.809,13.42284,22.691
REN,SK,2005,6.36,48.0176,36.14
REN_ELC,AT,2005,62.901,77.89928,-20.401000000000003
REN_ELC,BE,2005,2.386,142.81759,40.114
REN_ELC,BG,2005,8.666,48.38235,33.834
REN_ELC,CY,2005,0.024,9.1627,42.476
REN_ELC,CZ,2005,3.782,137.10309,38.718
REN_ELC,DE,2005,10.577,1000.23789,31.923000000000002
REN_ELC,DK,2005,24.647,73.25151,17.853
REN_ELC,EE,2005,1.127,17.7136,41.373
REN_ELC,EL,2005,8.213,133.1957,34.287
REN_ELC,ES,2005,19.166,389.17408,23.334
REN_ELC,FI,2005,26.918,35.54575,15.582
REN_ELC,FR,2005,13.738,495.06989,28.762
REN_ELC,HR,2005,35.184,21.8555,7.3160000000000025
REN_ELC,HU,2005,4.419,71.50558,38.081
REN_ELC,IE,2005,7.196,76.359,35.304
REN_ELC,IT,2005,16.293,549.71191,26.207
REN_ELC,LT,2005,3.831,18.68277,38.669
REN_ELC,LU,2005,3.179,12.43828,39.321
REN_ELC,LV,2005,43.023,4.05804,-0.5230000000000032
REN_ELC,MT,2005,0.0,2.98617,42.5
REN_ELC,NL,2005,6.297,218.72521,36.203
REN_ELC,PL,2005,2.512,341.83969,39.988
REN_ELC,PT,2005,27.703,91.31144,14.797
REN_ELC,RO,2005,28.775,115.78886,13.725000000000001
REN_ELC,SE,2005,50.899,8.18075,-8.399000000000001
REN_ELC,SI,2005,28.654,13.42284,13.846
REN_ELC,SK,2005,15.735,48.0176,26.765
REN_HEAT_CL,AT,2005,22.817,77.89928,19.683
REN_HEAT_CL,BE,2005,3.418,142.81759,39.082
REN_HEAT_CL,BG,2005,14.257,48.38235,28.243000000000002
REN_HEAT_CL,CY,2005,9.97,9.1627,32.53
REN_HEAT_CL,CZ,2005,10.835,137.10309,31.665
REN_HEAT_CL,DE,2005,7.711,1000.23789,34.789
REN_HEAT_CL,DK,2005,22.612,73.25151,19.888
REN_HEAT_CL,EE,2005,32.369,17.7136,10.131
REN_HEAT_CL,EL,2005,13.384,133.1957,29.116
REN_HEAT_CL,ES,2005,9.409,389.17408,33.091
REN_HEAT_CL,FI,2005,39.116,35.54575,3.3840000000000003
REN_HEAT_CL,FR,2005,12.363,495.06989,30.137
REN_HEAT_CL,HR,2005,30.002,21.8555,12.498000000000001
REN_HEAT_CL,HU,2005,9.935,71.50558,32.565
REN_HEAT_CL,IE,2005,3.442,76.359,39.058
REN_HEAT_CL,IT,2005,8.223,549.71191,34.277
REN_HEAT_CL,LT,2005,29.318,18.68277,13.181999999999999
REN_HEAT_CL,LU,2005,3.612,12.43828,38.888
REN_HEAT_CL,LV,2005,42.679,4.05804,-0.17900000000000205
REN_HEAT_CL,MT,2005,1.028,2.98617,41.472
REN_HEAT_CL,NL,2005,2.379,218.72521,40.121
REN_HEAT_CL,PL,2005,10.161,341.83969,32.339
REN_HEAT_CL,PT,2005,32.075,91.31144,10.424999999999997
REN_HEAT_CL,RO,2005,17.928,115.78886,24.572
REN_HEAT_CL,SE,2005,49.022,8.18075,-6.5219999999999985
REN_HEAT_CL,SI,2005,26.404,13.42284,16.096
REN_HEAT_CL,SK,2005,5.031,48.0176,37.469
REN_TRA,AT,2005,5.07,77.89928,37.43
REN_TRA,BE,2005,0.663,142.81759,41.837
REN_TRA,BG,2005,0.884,48.38235,41.616
REN_TRA,CY,2005,0.0,9.1627,42.5
REN_TRA,CZ,2005,1.099,137.10309,41.401
REN_TRA,DE,2005,3.953,1000.23789,38.547
REN_TRA,DK,2005,0.443,73.25151,42.057
REN_TRA,EE,2005,0.235,17.7136,42.265
REN_TRA,EL,2005,0.059,133.1957,42.441
REN_TRA,ES,2005,1.267,389.17408,41.233
REN_TRA,FI,2005,0.91,35.54575,41.59
REN_TRA,FR,2005,0.784,495.06989,41.716
REN_TRA,HR,2005,1.025,21.8555,41.475
REN_TRA,HU,2005,1.006,71.50558,41.494
REN_TRA,IE,2005,0.075,76.359,42.425
REN_TRA,IT,2005,1.048,549.71191,41.452
REN_TRA,LT,2005,0.657,18.68277,41.843
REN_TRA,LU,2005,0.159,12.43828,42.341
REN_TRA,LV,2005,2.389,4.05804,40.111
REN_TRA,MT,2005,0.0,2.98617,42.5
REN_TRA,NL,2005,0.499,218.72521,42.001
REN_TRA,PL,2005,1.746,341.83969,40.754
REN_TRA,PT,2005,0.45,91.31144,42.05
REN_TRA,RO,2005,1.872,115.78886,40.628
REN_TRA,SE,2005,6.596,8.18075,35.903999999999996
REN_TRA,SI,2005,0.831,13.42284,41.669
REN_TRA,SK,2005,1.66,48.0176,40.84
REN,AT,2006,26.276,82.20401,16.224
REN,BE,2006,2.658,140.2172,39.842
REN,BG,2006,9.415,51.9171,33.085
REN,CY,2006,3.263,9.41115,39.237
REN,CZ,2006,7.362,139.37525,35.138
REN,DE,2006,8.466,1021.1851,34.034
REN,DK,2006,16.332,81.33923,26.168
REN,EE,2006,16.011,14.56781,26.489
REN,EL,2006,7.458,129.65577,35.042
REN,ES,2006,9.156,380.87092,33.344
REN,FI,2006,30.043,43.00939,12.457
REN,FR,2006,8.936,484.56095,33.564
REN,HR,2006,22.668,22.42895,19.832
REN,HU,2006,7.433,71.94079,35.067
REN,IE,2006,3.073,73.7122,39.427
REN,IT,2006,8.328,535.18449,34.172
REN,LT,2006,16.887,19.92912,25.613
REN,LU,2006,1.469,12.35337,41.031
REN,LV,2006,31.141,3.81565,11.359000000000002
REN,MT,2006,0.149,3.03254,42.351
REN,NL,2006,2.778,213.44383,39.722
REN,PL,2006,6.859,355.99438,35.641
REN,PT,2006,20.792,79.90483,21.708
REN,RO,2006,17.096,118.22075,25.404
REN,SE,2006,41.734,2.77105,0.7659999999999982
REN,SI,2006,18.416,13.67208,24.084
REN,SK,2006,6.584,44.34489,35.916
REN_ELC,AT,2006,63.527,82.20401,-21.027
REN_ELC,BE,2006,3.13,140.2172,39.37
REN_ELC,BG,2006,8.73,51.9171,33.769999999999996
REN_ELC,CY,2006,0.034,9.41115,42.466
REN_ELC,CZ,2006,4.096,139.37525,38.403999999999996
REN_ELC,DE,2006,11.944,1021.1851,30.555999999999997
REN_ELC,DK,2006,23.966,81.33923,18.534
REN_ELC,EE,2006,1.428,14.56781,41.072
REN_ELC,EL,2006,8.924,129.65577,33.576
REN_ELC,ES,2006,20.027,380.87092,22.473
REN_ELC,FI,2006,26.42,43.00939,16.08
REN_ELC,FR,2006,14.058,484.56095,28.442
REN_ELC,HR,2006,34.818,22.42895,7.682000000000002
REN_ELC,HU,2006,3.453,71.94079,39.047
REN_ELC,IE,2006,8.505,73.7122,33.995
REN_ELC,IT,2006,15.926,535.18449,26.573999999999998
REN_ELC,LT,2006,4.016,19.92912,38.484
REN_ELC,LU,2006,3.172,12.35337,39.328
REN_ELC,LV,2006,40.414,3.81565,2.0859999999999985
REN_ELC,MT,2006,0.0,3.03254,42.5
REN_ELC,NL,2006,6.541,213.44383,35.959
REN_ELC,PL,2006,2.86,355.99438,39.64
REN_ELC,PT,2006,29.308,79.90483,13.192
REN_ELC,RO,2006,28.054,118.22075,14.446000000000002
REN_ELC,SE,2006,51.783,2.77105,-9.283000000000001
REN_ELC,SI,2006,28.231,13.67208,14.268999999999998
REN_ELC,SK,2006,16.566,44.34489,25.934
REN_HEAT_CL,AT,2006,24.491,82.20401,18.009
REN_HEAT_CL,BE,2006,3.812,140.2172,38.688
REN_HEAT_CL,BG,2006,14.79,51.9171,27.71
REN_HEAT_CL,CY,2006,10.434,9.41115,32.066
REN_HEAT_CL,CZ,2006,11.234,139.37525,31.266
REN_HEAT_CL,DE,2006,8.41,1021.1851,34.09
REN_HEAT_CL,DK,2006,23.661,81.33923,18.839
REN_HEAT_CL,EE,2006,30.838,14.56781,11.661999999999999
REN_HEAT_CL,EL,2006,13.095,129.65577,29.405
REN_HEAT_CL,ES,2006,11.376,380.87092,31.124000000000002
REN_HEAT_CL,FI,2006,41.409,43.00939,1.091000000000001
REN_HEAT_CL,FR,2006,11.696,484.56095,30.804000000000002
REN_HEAT_CL,HR,2006,29.069,22.42895,13.431000000000001
REN_HEAT_CL,HU,2006,11.38,71.94079,31.119999999999997
REN_HEAT_CL,IE,2006,3.592,73.7122,38.908
REN_HEAT_CL,IT,2006,10.094,535.18449,32.406
REN_HEAT_CL,LT,2006,29.227,19.92912,13.273
REN_HEAT_CL,LU,2006,3.63,12.35337,38.87
REN_HEAT_CL,LV,2006,42.594,3.81565,-0.0940000000000012
REN_HEAT_CL,MT,2006,1.363,3.03254,41.137
REN_HEAT_CL,NL,2006,2.7,213.44383,39.8
REN_HEAT_CL,PL,2006,10.168,355.99438,32.332
REN_HEAT_CL,PT,2006,34.234,79.90483,8.265999999999998
REN_HEAT_CL,RO,2006,17.582,118.22075,24.918
REN_HEAT_CL,SE,2006,52.496,2.77105,-9.996000000000002
REN_HEAT_CL,SI,2006,24.354,13.67208,18.146
REN_HEAT_CL,SK,2006,4.451,44.34489,38.049
REN_TRA,AT,2006,7.532,82.20401,34.968
REN_TRA,BE,2006,0.676,140.2172,41.824
REN_TRA,BG,2006,1.049,51.9171,41.451
REN_TRA,CY,2006,0.0,9.41115,42.5
REN_TRA,CZ,2006,1.073,139.37525,41.427
REN_TRA,DE,2006,6.701,1021.1851,35.799
REN_TRA,DK,2006,0.521,81.33923,41.979
REN_TRA,EE,2006,0.184,14.56781,42.316
REN_TRA,EL,2006,0.735,129.65577,41.765
REN_TRA,ES,2006,0.837,380.87092,41.663
REN_TRA,FI,2006,0.956,43.00939,41.544
REN_TRA,FR,2006,0.792,484.56095,41.708
REN_TRA,HR,2006,1.005,22.42895,41.495
REN_TRA,HU,2006,1.217,71.94079,41.283
REN_TRA,IE,2006,0.102,73.7122,42.398
REN_TRA,IT,2006,0.995,535.18449,41.505
REN_TRA,LT,2006,1.905,19.92912,40.595
REN_TRA,LU,2006,0.189,12.35337,42.311
REN_TRA,LV,2006,2.165,3.81565,40.335
REN_TRA,MT,2006,0.0,3.03254,42.5
REN_TRA,NL,2006,0.85,213.44383,41.65
REN_TRA,PL,2006,1.817,355.99438,40.683
REN_TRA,PT,2006,1.631,79.90483,40.869
REN_TRA,RO,2006,1.538,118.22075,40.962
REN_TRA,SE,2006,7.509,2.77105,34.991
REN_TRA,SI,2006,1.056,13.67208,41.444
REN_TRA,SK,2006,3.295,44.34489,39.205
REN,AT,2007,28.144,79.92043,14.356000000000002
REN,BE,2007,3.14,136.85047,39.36
REN,BG,2007,9.098,55.27874,33.402
REN,CY,2007,4.001,9.75961,38.499
REN,CZ,2007,7.895,141.29589,34.605000000000004
REN,DE,2007,10.039,985.36891,32.461
REN,DK,2007,17.747,76.77631,24.753
REN,EE,2007,17.139,18.44739,25.361
REN,EL,2007,8.249,133.70237,34.251
REN,ES,2007,9.667,393.98758,32.833
REN,FI,2007,29.561,50.85254,12.939
REN,FR,2007,9.426,479.41033,33.074
REN,HR,2007,22.161,25.04552,20.339
REN,HU,2007,8.575,69.97499,33.925
REN,IE,2007,3.497,72.66768,39.003
REN,IT,2007,9.807,549.94092,32.693
REN,LT,2007,16.482,20.08264,26.018
REN,LU,2007,2.725,11.85849,39.775
REN,LV,2007,29.615,5.21349,12.885000000000002
REN,MT,2007,0.177,3.12539,42.323
REN,NL,2007,3.298,212.41737,39.202
REN,PL,2007,6.903,368.51765,35.597
REN,PT,2007,21.907,77.20876,20.593
REN,RO,2007,18.195,115.33817,24.305
REN,SE,2007,43.224,0.74779,-0.7239999999999966
REN,SI,2007,19.675,13.44462,22.825
REN,SK,2007,7.766,43.06656,34.734
REN_ELC,AT,2007,65.666,79.92043,-23.165999999999997
REN_ELC,BE,2007,3.662,136.85047,38.838
REN_ELC,BG,2007,8.899,55.27874,33.601
REN_ELC,CY,2007,0.074,9.75961,42.426
REN_ELC,CZ,2007,4.621,141.29589,37.879
REN_ELC,DE,2007,13.727,985.36891,28.773
REN_ELC,DK,2007,25.001,76.77631,17.499
REN_ELC,EE,2007,1.432,18.44739,41.068
REN_ELC,EL,2007,9.33,133.70237,33.17
REN_ELC,ES,2007,21.718,393.98758,20.782
REN_ELC,FI,2007,25.468,50.85254,17.032
REN_ELC,FR,2007,14.289,479.41033,28.211
REN_ELC,HR,2007,33.976,25.04552,8.524000000000001
REN_ELC,HU,2007,4.193,69.97499,38.307
REN_ELC,IE,2007,9.534,72.66768,32.966
REN_ELC,IT,2007,15.954,549.94092,26.546
REN_ELC,LT,2007,4.652,20.08264,37.848
REN_ELC,LU,2007,3.305,11.85849,39.195
REN_ELC,LV,2007,38.622,5.21349,3.878
REN_ELC,MT,2007,0.0,3.12539,42.5
REN_ELC,NL,2007,5.963,212.41737,36.537
REN_ELC,PL,2007,3.316,368.51765,39.184
REN_ELC,PT,2007,32.285,77.20876,10.215000000000003
REN_ELC,RO,2007,28.108,115.33817,14.392
REN_ELC,SE,2007,53.21,0.74779,-10.71
REN_ELC,SI,2007,27.697,13.44462,14.803
REN_ELC,SK,2007,16.467,43.06656,26.033
REN_HEAT_CL,AT,2007,27.142,79.92043,15.358
REN_HEAT_CL,BE,2007,4.713,136.85047,37.787
REN_HEAT_CL,BG,2007,13.862,55.27874,28.637999999999998
REN_HEAT_CL,CY,2007,13.064,9.75961,29.436
REN_HEAT_CL,CZ,2007,12.37,141.29589,30.130000000000003
REN_HEAT_CL,DE,2007,10.249,985.36891,32.251
REN_HEAT_CL,DK,2007,26.707,76.77631,15.793
REN_HEAT_CL,EE,2007,33.037,18.44739,9.463000000000001
REN_HEAT_CL,EL,2007,14.675,133.70237,27.825
REN_HEAT_CL,ES,2007,11.246,393.98758,31.253999999999998
REN_HEAT_CL,FI,2007,41.434,50.85254,1.0660000000000025
REN_HEAT_CL,FR,2007,12.787,479.41033,29.713
REN_HEAT_CL,HR,2007,29.301,25.04552,13.199000000000002
REN_HEAT_CL,HU,2007,13.544,69.97499,28.956
REN_HEAT_CL,IE,2007,3.786,72.66768,38.714
REN_HEAT_CL,IT,2007,13.334,549.94092,29.166
REN_HEAT_CL,LT,2007,29.094,20.08264,13.405999999999999
REN_HEAT_CL,LU,2007,4.354,11.85849,38.146
REN_HEAT_CL,LV,2007,42.363,5.21349,0.13700000000000045
REN_HEAT_CL,MT,2007,1.507,3.12539,40.993
REN_HEAT_CL,NL,2007,2.914,212.41737,39.586
REN_HEAT_CL,PL,2007,10.46,368.51765,32.04
REN_HEAT_CL,PT,2007,34.951,77.20876,7.5489999999999995
REN_HEAT_CL,RO,2007,19.465,115.33817,23.035
REN_HEAT_CL,SE,2007,54.465,0.74779,-11.965000000000003
REN_HEAT_CL,SI,2007,29.311,13.44462,13.189
REN_HEAT_CL,SK,2007,6.232,43.06656,36.268
REN_TRA,AT,2007,8.241,79.92043,34.259
REN_TRA,BE,2007,0.671,136.85047,41.829
REN_TRA,BG,2007,0.956,55.27874,41.544
REN_TRA,CY,2007,0.0,9.75961,42.5
REN_TRA,CZ,2007,1.048,141.29589,41.452
REN_TRA,DE,2007,7.532,985.36891,34.968
REN_TRA,DK,2007,0.535,76.77631,41.965
REN_TRA,EE,2007,0.168,18.44739,42.332
REN_TRA,EL,2007,1.269,133.70237,41.231
REN_TRA,ES,2007,1.375,393.98758,41.125
REN_TRA,FI,2007,1.025,50.85254,41.475
REN_TRA,FR,2007,0.828,479.41033,41.672
REN_TRA,HR,2007,1.121,25.04552,41.379
REN_TRA,HU,2007,1.633,69.97499,40.867
REN_TRA,IE,2007,0.503,72.66768,41.997
REN_TRA,IT,2007,0.964,549.94092,41.536
REN_TRA,LT,2007,3.821,20.08264,38.679
REN_TRA,LU,2007,2.203,11.85849,40.297
REN_TRA,LV,2007,1.666,5.21349,40.834
REN_TRA,MT,2007,0.0,3.12539,42.5
REN_TRA,NL,2007,3.182,212.41737,39.318
REN_TRA,PL,2007,1.746,368.51765,40.754
REN_TRA,PT,2007,2.433,77.20876,40.067
REN_TRA,RO,2007,1.641,115.33817,40.859
REN_TRA,SE,2007,8.421,0.74779,34.079
REN_TRA,SI,2007,1.473,13.44462,41.027
REN_TRA,SK,2007,3.994,43.06656,38.506
REN,AT,2008,28.788,77.59132,13.712
REN,BE,2008,3.611,136.89941,38.889
REN,BG,2008,10.345,54.86986,32.155
REN,CY,2008,5.131,9.92166,37.369
REN,CZ,2008,8.674,134.41195,33.826
REN,DE,2008,10.072,962.77059,32.428
REN,DK,2008,18.543,71.65454,23.957
REN,EE,2008,18.811,16.21947,23.689
REN,EL,2008,8.183,129.17583,34.317
REN,ES,2008,10.744,361.01407,31.756
REN,FI,2008,31.071,39.56394,11.428999999999998
REN,FR,2008,11.188,475.92262,31.311999999999998
REN,HR,2008,21.986,23.86473,20.514
REN,HU,2008,8.564,66.20918,33.936
REN,IE,2008,3.979,71.03292,38.521
REN,IT,2008,11.492,522.5556,31.008
REN,LT,2008,17.824,18.53443,24.676
REN,LU,2008,2.809,11.72915,39.691
REN,LV,2008,29.811,5.12987,12.689
REN,MT,2008,0.195,3.05256,42.305
REN,NL,2008,3.596,212.48626,38.903999999999996
REN,PL,2008,7.686,361.64817,34.814
REN,PT,2008,22.929,71.03892,19.571
REN,RO,2008,20.204,108.85325,22.296
REN,SE,2008,43.922,0.41932,-1.421999999999997
REN,SI,2008,18.646,14.42584,23.854
REN,SK,2008,7.723,44.65807,34.777
REN_ELC,AT,2008,65.88,77.59132,-23.379999999999995
REN_ELC,BE,2008,4.625,136.89941,37.875
REN_ELC,BG,2008,9.544,54.86986,32.956
REN_ELC,CY,2008,0.285,9.92166,42.215
REN_ELC,CZ,2008,5.182,134.41195,37.318
REN_ELC,DE,2008,15.141,962.77059,27.359
REN_ELC,DK,2008,25.936,71.65454,16.564
REN_ELC,EE,2008,1.972,16.21947,40.528
REN_ELC,EL,2008,9.646,129.17583,32.854
REN_ELC,ES,2008,23.777,361.01407,18.723
REN_ELC,FI,2008,26.745,39.56394,15.754999999999999
REN_ELC,FR,2008,14.358,475.92262,28.142
REN_ELC,HR,2008,33.865,23.86473,8.634999999999998
REN_ELC,HU,2008,5.317,66.20918,37.183
REN_ELC,IE,2008,10.822,71.03292,31.678
REN_ELC,IT,2008,16.645,522.5556,25.855
REN_ELC,LT,2008,4.914,18.53443,37.586
REN_ELC,LU,2008,3.581,11.72915,38.919
REN_ELC,LV,2008,38.733,5.12987,3.767000000000003
REN_ELC,MT,2008,0.0,3.05256,42.5
REN_ELC,NL,2008,7.464,212.48626,35.036
REN_ELC,PL,2008,4.248,361.64817,38.252
REN_ELC,PT,2008,34.063,71.03892,8.436999999999998
REN_ELC,RO,2008,28.075,108.85325,14.425
REN_ELC,SE,2008,53.687,0.41932,-11.186999999999998
REN_ELC,SI,2008,29.962,14.42584,12.538
REN_ELC,SK,2008,17.013,44.65807,25.487
REN_HEAT_CL,AT,2008,27.195,77.59132,15.305
REN_HEAT_CL,BE,2008,5.121,136.89941,37.379
REN_HEAT_CL,BG,2008,17.262,54.86986,25.238
REN_HEAT_CL,CY,2008,14.469,9.92166,28.031
REN_HEAT_CL,CZ,2008,12.918,134.41195,29.582
REN_HEAT_CL,DE,2008,10.33,962.77059,32.17
REN_HEAT_CL,DK,2008,27.964,71.65454,14.536000000000001
REN_HEAT_CL,EE,2008,35.997,16.21947,6.503
REN_HEAT_CL,EL,2008,14.718,129.17583,27.782
REN_HEAT_CL,ES,2008,11.618,361.01407,30.881999999999998
REN_HEAT_CL,FI,2008,43.078,39.56394,-0.578000000000003
REN_HEAT_CL,FR,2008,13.283,475.92262,29.217
REN_HEAT_CL,HR,2008,28.818,23.86473,13.681999999999999
REN_HEAT_CL,HU,2008,11.97,66.20918,30.53
REN_HEAT_CL,IE,2008,3.513,71.03292,38.987
REN_HEAT_CL,IT,2008,15.311,522.5556,27.189
REN_HEAT_CL,LT,2008,31.992,18.53443,10.508
REN_HEAT_CL,LU,2008,4.571,11.72915,37.929
REN_HEAT_CL,LV,2008,42.937,5.12987,-0.4369999999999976
REN_HEAT_CL,MT,2008,1.696,3.05256,40.804
REN_HEAT_CL,NL,2008,3.024,212.48626,39.476
REN_HEAT_CL,PL,2008,10.846,361.64817,31.654
REN_HEAT_CL,PT,2008,37.451,71.03892,5.0489999999999995
REN_HEAT_CL,RO,2008,23.167,108.85325,19.333
REN_HEAT_CL,SE,2008,55.778,0.41932,-13.277999999999999
REN_HEAT_CL,SI,2008,27.527,14.42584,14.972999999999999
REN_HEAT_CL,SK,2008,6.097,44.65807,36.403
REN_TRA,AT,2008,9.56,77.59132,32.94
REN_TRA,BE,2008,0.712,136.89941,41.788
REN_TRA,BG,2008,0.938,54.86986,41.562
REN_TRA,CY,2008,1.921,9.92166,40.579
REN_TRA,CZ,2008,2.843,134.41195,39.657
REN_TRA,DE,2008,6.316,962.77059,36.184
REN_TRA,DK,2008,0.54,71.65454,41.96
REN_TRA,EE,2008,0.185,16.21947,42.315
REN_TRA,EL,2008,1.062,129.17583,41.438
REN_TRA,ES,2008,2.165,361.01407,40.335
REN_TRA,FI,2008,2.909,39.56394,39.591
REN_TRA,FR,2008,6.245,475.92262,36.255
REN_TRA,HR,2008,1.072,23.86473,41.428
REN_TRA,HU,2008,5.183,66.20918,37.317
REN_TRA,IE,2008,1.305,71.03292,41.195
REN_TRA,IT,2008,2.616,522.5556,39.884
REN_TRA,LT,2008,4.318,18.53443,38.182
REN_TRA,LU,2008,2.173,11.72915,40.327
REN_TRA,LV,2008,1.688,5.12987,40.812
REN_TRA,MT,2008,0.0,3.05256,42.5
REN_TRA,NL,2008,2.981,212.48626,39.519
REN_TRA,PL,2008,4.143,361.64817,38.357
REN_TRA,PT,2008,2.515,71.03892,39.985
REN_TRA,RO,2008,1.345,108.85325,41.155
REN_TRA,SE,2008,8.693,0.41932,33.807
REN_TRA,SI,2008,1.773,14.42584,40.727
REN_TRA,SK,2008,4.278,44.65807,38.222
REN,AT,2009,31.039,71.28746,11.460999999999999
REN,BE,2009,4.746,124.43532,37.754
REN,BG,2009,12.005,46.01382,30.494999999999997
REN,CY,2009,5.92,9.65507,36.58
REN,CZ,2009,9.977,125.93786,32.522999999999996
REN,DE,2009,10.851,904.10091,31.649
REN,DK,2009,19.948,68.22399,22.552
REN,EE,2009,23.009,12.0683,19.491
REN,EL,2009,8.731,121.88667,33.769
REN,ES,2009,12.958,324.72713,29.542
REN,FI,2009,31.045,24.75677,11.454999999999998
REN,FR,2009,12.215,465.43505,30.285
REN,HR,2009,23.596,21.59437,18.904
REN,HU,2009,11.673,61.6346,30.826999999999998
REN,IE,2009,5.243,65.177,37.257
REN,IT,2009,12.775,465.74137,29.725
REN,LT,2009,19.798,13.02287,22.702
REN,LU,2009,2.929,11.16889,39.571
REN,LV,2009,34.317,6.85138,8.183
REN,MT,2009,0.221,2.92076,42.279
REN,NL,2009,4.266,206.85453,38.234
REN,PL,2009,8.676,333.77833,33.824
REN,PT,2009,24.405,69.45544,18.095
REN,RO,2009,22.157,102.06747,20.343
REN,SE,2009,47.024,-3.3478,-4.524000000000001
REN,SI,2009,20.765,12.3346,21.735
REN,SK,2009,9.368,40.58532,33.132
REN_ELC,AT,2009,68.626,71.28746,-26.126000000000005
REN_ELC,BE,2009,6.176,124.43532,36.324
REN_ELC,BG,2009,10.906,46.01382,31.594
REN_ELC,CY,2009,0.589,9.65507,41.911
REN_ELC,CZ,2009,6.378,125.93786,36.122
REN_ELC,DE,2009,17.521,904.10091,24.979
REN_ELC,DK,2009,28.257,68.22399,14.242999999999999
REN_ELC,EE,2009,5.966,12.0683,36.534
REN_ELC,EL,2009,11.016,121.88667,31.484
REN_ELC,ES,2009,27.882,324.72713,14.617999999999999
REN_ELC,FI,2009,26.821,24.75677,15.678999999999998
REN_ELC,FR,2009,15.088,465.43505,27.412
REN_ELC,HR,2009,35.877,21.59437,6.6229999999999976
REN_ELC,HU,2009,6.958,61.6346,35.542
REN_ELC,IE,2009,14.061,65.177,28.439
REN_ELC,IT,2009,18.807,465.74137,23.693
REN_ELC,LT,2009,5.869,13.02287,36.631
REN_ELC,LU,2009,4.105,11.16889,38.394999999999996
REN_ELC,LV,2009,41.942,6.85138,0.5579999999999998
REN_ELC,MT,2009,0.0,2.92076,42.5
REN_ELC,NL,2009,9.069,206.85453,33.431
REN_ELC,PL,2009,5.713,333.77833,36.787
REN_ELC,PT,2009,37.562,69.45544,4.938000000000002
REN_ELC,RO,2009,30.894,102.06747,11.606000000000002
REN_ELC,SE,2009,58.252,-3.3478,-15.752000000000002
REN_ELC,SI,2009,33.756,12.3346,8.744
REN_ELC,SK,2009,17.765,40.58532,24.735
REN_HEAT_CL,AT,2009,29.626,71.28746,12.873999999999999
REN_HEAT_CL,BE,2009,6.087,124.43532,36.413
REN_HEAT_CL,BG,2009,21.639,46.01382,20.861
REN_HEAT_CL,CY,2009,17.313,9.65507,25.187
REN_HEAT_CL,CZ,2009,14.26,125.93786,28.240000000000002
REN_HEAT_CL,DE,2009,11.155,904.10091,31.345
REN_HEAT_CL,DK,2009,29.403,68.22399,13.097000000000001
REN_HEAT_CL,EE,2009,42.028,12.0683,0.4720000000000013
REN_HEAT_CL,EL,2009,17.247,121.88667,25.253
REN_HEAT_CL,ES,2009,13.218,324.72713,29.282
REN_HEAT_CL,FI,2009,42.888,24.75677,-0.3879999999999981
REN_HEAT_CL,FR,2009,15.038,465.43505,27.462
REN_HEAT_CL,HR,2009,31.298,21.59437,11.202000000000002
REN_HEAT_CL,HU,2009,17.019,61.6346,25.481
REN_HEAT_CL,IE,2009,4.181,65.177,38.319
REN_HEAT_CL,IT,2009,16.431,465.74137,26.069
REN_HEAT_CL,LT,2009,33.72,13.02287,8.780000000000001
REN_HEAT_CL,LU,2009,4.629,11.16889,37.871
REN_HEAT_CL,LV,2009,47.887,6.85138,-5.3870000000000005
REN_HEAT_CL,MT,2009,2.011,2.92076,40.489
REN_HEAT_CL,NL,2009,3.37,206.85453,39.13
REN_HEAT_CL,PL,2009,11.607,333.77833,30.893
REN_HEAT_CL,PT,2009,37.931,69.45544,4.569000000000003
REN_HEAT_CL,RO,2009,26.433,102.06747,16.067
REN_HEAT_CL,SE,2009,59.203,-3.3478,-16.703000000000003
REN_HEAT_CL,SI,2009,28.874,12.3346,13.626000000000001
REN_HEAT_CL,SK,2009,8.178,40.58532,34.322
REN_TRA,AT,2009,11.175,71.28746,31.325
REN_TRA,BE,2009,2.19,124.43532,40.31
REN_TRA,BG,2009,1.092,46.01382,41.408
REN_TRA,CY,2009,2.036,9.65507,40.464
REN_TRA,CZ,2009,4.312,125.93786,38.188
REN_TRA,DE,2009,5.877,904.10091,36.623
REN_TRA,DK,2009,0.693,68.22399,41.807
REN_TRA,EE,2009,0.438,12.0683,42.062
REN_TRA,EL,2009,1.102,121.88667,41.398
REN_TRA,ES,2009,3.71,324.72713,38.79
REN_TRA,FI,2009,4.556,24.75677,37.944
REN_TRA,FR,2009,6.649,465.43505,35.851
REN_TRA,HR,2009,1.291,21.59437,41.209
REN_TRA,HU,2009,5.887,61.6346,36.613
REN_TRA,IE,2009,1.962,65.177,40.538
REN_TRA,IT,2009,3.999,465.74137,38.501
REN_TRA,LT,2009,4.481,13.02287,38.019
REN_TRA,LU,2009,2.233,11.16889,40.267
REN_TRA,LV,2009,1.888,6.85138,40.612
REN_TRA,MT,2009,0.0,2.92076,42.5
REN_TRA,NL,2009,4.57,206.85453,37.93
REN_TRA,PL,2009,5.408,333.77833,37.092
REN_TRA,PT,2009,3.885,69.45544,38.615
REN_TRA,RO,2009,1.297,102.06747,41.203
REN_TRA,SE,2009,9.356,-3.3478,33.144
REN_TRA,SI,2009,2.251,12.3346,40.249
REN_TRA,SK,2009,5.364,40.58532,37.136
REN,AT,2010,31.205,73.64572,11.295000000000002
REN,BE,2010,6.004,132.48999,36.496
REN,BG,2010,13.927,49.12734,28.573
REN,CY,2010,6.161,9.32571,36.339
REN,CZ,2010,10.513,129.82649,31.987000000000002
REN,DE,2010,11.667,944.56162,30.833
REN,DK,2010,21.888,67.3673,20.612
REN,EE,2010,24.575,16.9705,17.925
REN,EL,2010,10.077,115.82225,32.423
REN,ES,2010,13.782,306.44532,28.718
REN,FI,2010,32.166,44.66674,10.334000000000003
REN,FR,2010,12.671,467.04883,29.829
REN,HR,2010,25.103,21.24817,17.397
REN,HU,2010,12.742,62.15068,29.758
REN,IE,2010,5.755,65.92679,36.745
REN,IT,2010,13.023,472.57904,29.477
REN,LT,2010,19.639,9.49468,22.861
REN,LU,2010,2.851,11.97832,39.649
REN,LV,2010,30.375,9.07698,12.125
REN,MT,2010,0.979,2.97844,41.521
REN,NL,2010,3.917,219.03895,38.583
REN,PL,2010,9.281,343.29251,33.219
REN,PT,2010,24.15,66.65172,18.35
REN,RO,2010,22.834,90.33214,19.666
REN,SE,2010,46.099,2.98213,-3.5989999999999966
REN,SI,2010,21.081,12.6356,21.419
REN,SK,2010,9.099,42.69062,33.400999999999996
REN_ELC,AT,2010,66.361,73.64572,-23.861000000000004
REN_ELC,BE,2010,7.332,132.48999,35.168
REN_ELC,BG,2010,12.358,49.12734,30.142
REN_ELC,CY,2010,1.39,9.32571,41.11
REN_ELC,CZ,2010,7.516,129.82649,34.984
REN_ELC,DE,2010,18.241,944.56162,24.259
REN_ELC,DK,2010,32.735,67.3673,9.765
REN_ELC,EE,2010,10.294,16.9705,32.206
REN_ELC,EL,2010,12.307,115.82225,30.192999999999998
REN_ELC,ES,2010,29.748,306.44532,12.751999999999999
REN_ELC,FI,2010,27.216,44.66674,15.283999999999999
REN_ELC,FR,2010,14.815,467.04883,27.685000000000002
REN_ELC,HR,2010,37.52,21.24817,4.979999999999997
REN_ELC,HU,2010,7.103,62.15068,35.397
REN_ELC,IE,2010,15.642,65.92679,26.858
REN_ELC,IT,2010,20.091,472.57904,22.409
REN_ELC,LT,2010,7.401,9.49468,35.099000000000004
REN_ELC,LU,2010,3.786,11.97832,38.714
REN_ELC,LV,2010,42.051,9.07698,0.44899999999999807
REN_ELC,MT,2010,0.032,2.97844,42.468
REN_ELC,NL,2010,9.601,219.03895,32.899
REN_ELC,PL,2010,6.549,343.29251,35.951
REN_ELC,PT,2010,40.608,66.65172,1.892000000000003
REN_ELC,RO,2010,30.378,90.33214,12.122
REN_ELC,SE,2010,55.767,2.98213,-13.267000000000003
REN_ELC,SI,2010,32.2,12.6356,10.299999999999997
REN_ELC,SK,2010,17.774,42.69062,24.726
REN_HEAT_CL,AT,2010,30.959,73.64572,11.541
REN_HEAT_CL,BE,2010,6.71,132.48999,35.79
REN_HEAT_CL,BG,2010,24.334,49.12734,18.166
REN_HEAT_CL,CY,2010,18.813,9.32571,23.687
REN_HEAT_CL,CZ,2010,14.096,129.82649,28.404
REN_HEAT_CL,DE,2010,12.055,944.56162,30.445
REN_HEAT_CL,DK,2010,30.369,67.3673,12.131
REN_HEAT_CL,EE,2010,43.162,16.9705,-0.661999999999999
REN_HEAT_CL,EL,2010,18.658,115.82225,23.842
REN_HEAT_CL,ES,2010,12.498,306.44532,30.002000000000002
REN_HEAT_CL,FI,2010,43.973,44.66674,-1.472999999999999
REN_HEAT_CL,FR,2010,16.16,467.04883,26.34
REN_HEAT_CL,HR,2010,32.881,21.24817,9.619
REN_HEAT_CL,HU,2010,18.077,62.15068,24.423
REN_HEAT_CL,IE,2010,4.281,65.92679,38.219
REN_HEAT_CL,IT,2010,15.642,472.57904,26.858
REN_HEAT_CL,LT,2010,32.534,9.49468,9.966000000000001
REN_HEAT_CL,LU,2010,4.704,11.97832,37.796
REN_HEAT_CL,LV,2010,40.745,9.07698,1.7550000000000026
REN_HEAT_CL,MT,2010,7.282,2.97844,35.218
REN_HEAT_CL,NL,2010,3.1,219.03895,39.4
REN_HEAT_CL,PL,2010,11.812,343.29251,30.688000000000002
REN_HEAT_CL,PT,2010,33.814,66.65172,8.686
REN_HEAT_CL,RO,2010,27.227,90.33214,15.273
REN_HEAT_CL,SE,2010,57.07,2.98213,-14.57
REN_HEAT_CL,SI,2010,29.537,12.6356,12.963000000000001
REN_HEAT_CL,SK,2010,7.898,42.69062,34.602000000000004
REN_TRA,AT,2010,10.705,73.64572,31.795
REN_TRA,BE,2010,4.8,132.48999,37.7
REN_TRA,BG,2010,1.498,49.12734,41.002
REN_TRA,CY,2010,1.994,9.32571,40.506
REN_TRA,CZ,2010,5.22,129.82649,37.28
REN_TRA,DE,2010,6.413,944.56162,36.087
REN_TRA,DK,2010,1.15,67.3673,41.35
REN_TRA,EE,2010,0.433,16.9705,42.067
REN_TRA,EL,2010,1.915,115.82225,40.585
REN_TRA,ES,2010,5.018,306.44532,37.482
REN_TRA,FI,2010,4.386,44.66674,38.114
REN_TRA,FR,2010,6.577,467.04883,35.923
REN_TRA,HR,2010,1.123,21.24817,41.377
REN_TRA,HU,2010,6.163,62.15068,36.337
REN_TRA,IE,2010,2.491,65.92679,40.009
REN_TRA,IT,2010,4.916,472.57904,37.584
REN_TRA,LT,2010,3.794,9.49468,38.706
REN_TRA,LU,2010,2.093,11.97832,40.407
REN_TRA,LV,2010,3.978,9.07698,38.522
REN_TRA,MT,2010,0.0,2.97844,42.5
REN_TRA,NL,2010,3.397,219.03895,39.103
REN_TRA,PL,2010,6.64,343.29251,35.86
REN_TRA,PT,2010,5.548,66.65172,36.952
REN_TRA,RO,2010,1.366,90.33214,41.134
REN_TRA,SE,2010,9.627,2.98213,32.873
REN_TRA,SI,2010,3.118,12.6356,39.382
REN_TRA,SK,2010,5.292,42.69062,37.208
REN,AT,2011,31.552,72.22417,10.948
REN,BE,2011,6.302,122.08041,36.198
REN,BG,2011,14.152,57.89581,28.348
REN,CY,2011,6.245,9.01925,36.255
REN,CZ,2011,10.945,125.88163,31.555
REN,DE,2011,12.47,918.0638,30.03
REN,DK,2011,23.389,61.39583,19.111
REN,EE,2011,25.515,18.06335,16.985
REN,EL,2011,11.153,112.73635,31.347
REN,ES,2011,13.176,304.6211,29.323999999999998
REN,FI,2011,32.532,37.54258,9.968000000000004
REN,FR,2011,10.813,441.43744,31.686999999999998
REN,HR,2011,25.389,22.26157,17.111
REN,HU,2011,13.972,61.05937,28.528
REN,IE,2011,6.605,61.23277,35.894999999999996
REN,IT,2011,12.881,466.47042,29.619
REN,LT,2011,19.943,11.21206,22.557
REN,LU,2011,2.855,11.76084,39.645
REN,LV,2011,33.478,7.42151,9.021999999999998
REN,MT,2011,1.85,2.97043,40.65
REN,NL,2011,4.524,205.07322,37.976
REN,PL,2011,10.337,347.82637,32.163
REN,PT,2011,24.603,64.8597,17.897
REN,RO,2011,21.743,93.77197,20.757
REN,SE,2011,47.632,-1.7559,-5.131999999999998
REN,SI,2011,20.937,12.65912,21.563
REN,SK,2011,10.348,40.81321,32.152
REN_ELC,AT,2011,66.779,72.22417,-24.278999999999996
REN_ELC,BE,2011,8.989,122.08041,33.510999999999996
REN_ELC,BG,2011,12.621,57.89581,29.878999999999998
REN_ELC,CY,2011,3.445,9.01925,39.055
REN_ELC,CZ,2011,10.61,125.88163,31.89
REN_ELC,DE,2011,20.93,918.0638,21.57
REN_ELC,DK,2011,35.874,61.39583,6.625999999999998
REN_ELC,EE,2011,12.199,18.06335,30.301000000000002
REN_ELC,EL,2011,13.81,112.73635,28.689999999999998
REN_ELC,ES,2011,31.53,304.6211,10.969999999999999
REN_ELC,FI,2011,28.964,37.54258,13.536000000000001
REN_ELC,FR,2011,16.179,441.43744,26.321
REN_ELC,HR,2011,37.592,22.26157,4.908000000000001
REN_ELC,HU,2011,6.379,61.05937,36.121
REN_ELC,IE,2011,18.252,61.23277,24.248
REN_ELC,IT,2011,23.546,466.47042,18.954
REN_ELC,LT,2011,9.02,11.21206,33.480000000000004
REN_ELC,LU,2011,4.075,11.76084,38.425
REN_ELC,LV,2011,44.694,7.42151,-2.1940000000000026
REN_ELC,MT,2011,0.454,2.97043,42.046
REN_ELC,NL,2011,9.74,205.07322,32.76
REN_ELC,PL,2011,8.078,347.82637,34.422
REN_ELC,PT,2011,45.78,64.8597,-3.280000000000001
REN_ELC,RO,2011,31.131,93.77197,11.369
REN_ELC,SE,2011,59.624,-1.7559,-17.124000000000002
REN_ELC,SI,2011,31.045,12.65912,11.454999999999998
REN_ELC,SK,2011,19.305,40.81321,23.195
REN_HEAT_CL,AT,2011,31.517,72.22417,10.983
REN_HEAT_CL,BE,2011,6.718,122.08041,35.782
REN_HEAT_CL,BG,2011,24.768,57.89581,17.732
REN_HEAT_CL,CY,2011,19.977,9.01925,22.523
REN_HEAT_CL,CZ,2011,15.388,125.88163,27.112000000000002
REN_HEAT_CL,DE,2011,12.607,918.0638,29.893
REN_HEAT_CL,DK,2011,31.889,61.39583,10.611
REN_HEAT_CL,EE,2011,44.55,18.06335,-2.049999999999997
REN_HEAT_CL,EL,2011,20.111,112.73635,22.389
REN_HEAT_CL,ES,2011,13.469,304.6211,29.031
REN_HEAT_CL,FI,2011,45.732,37.54258,-3.2319999999999993
REN_HEAT_CL,FR,2011,15.263,441.43744,27.237000000000002
REN_HEAT_CL,HR,2011,33.82,22.26157,8.68
REN_HEAT_CL,HU,2011,20.043,61.05937,22.457
REN_HEAT_CL,IE,2011,4.657,61.23277,37.843
REN_HEAT_CL,IT,2011,13.818,466.47042,28.682000000000002
REN_HEAT_CL,LT,2011,32.788,11.21206,9.712000000000003
REN_HEAT_CL,LU,2011,4.736,11.76084,37.764
REN_HEAT_CL,LV,2011,44.71,7.42151,-2.210000000000001
REN_HEAT_CL,MT,2011,12.026,2.97043,30.474
REN_HEAT_CL,NL,2011,3.688,205.07322,38.812
REN_HEAT_CL,PL,2011,13.24,347.82637,29.259999999999998
REN_HEAT_CL,PT,2011,35.184,64.8597,7.3160000000000025
REN_HEAT_CL,RO,2011,24.306,93.77197,18.194
REN_HEAT_CL,SE,2011,58.519,-1.7559,-16.019
REN_HEAT_CL,SI,2011,31.785,12.65912,10.715
REN_HEAT_CL,SK,2011,9.258,40.81321,33.242000000000004
REN_TRA,AT,2011,10.077,72.22417,32.423
REN_TRA,BE,2011,4.802,122.08041,37.698
REN_TRA,BG,2011,0.898,57.89581,41.602
REN_TRA,CY,2011,0.0,9.01925,42.5
REN_TRA,CZ,2011,1.285,125.88163,41.215
REN_TRA,DE,2011,6.461,918.0638,36.039
REN_TRA,DK,2011,3.609,61.39583,38.891
REN_TRA,EE,2011,0.445,18.06335,42.055
REN_TRA,EL,2011,0.6,112.73635,41.9
REN_TRA,ES,2011,0.767,304.6211,41.733
REN_TRA,FI,2011,1.004,37.54258,41.496
REN_TRA,FR,2011,0.987,441.43744,41.513
REN_TRA,HR,2011,1.029,22.26157,41.471000000000004
REN_TRA,HU,2011,6.174,61.05937,36.326
REN_TRA,IE,2011,3.844,61.23277,38.656
REN_TRA,IT,2011,5.06,466.47042,37.44
REN_TRA,LT,2011,3.828,11.21206,38.672
REN_TRA,LU,2011,2.36,11.76084,40.14
REN_TRA,LV,2011,4.09,7.42151,38.41
REN_TRA,MT,2011,2.016,2.97043,40.484
REN_TRA,NL,2011,5.068,205.07322,37.432
REN_TRA,PL,2011,6.918,347.82637,35.582
REN_TRA,PT,2011,0.695,64.8597,41.805
REN_TRA,RO,2011,5.535,93.77197,36.965
REN_TRA,SE,2011,11.938,-1.7559,30.561999999999998
REN_TRA,SI,2011,2.477,12.65912,40.023
REN_TRA,SK,2011,5.727,40.81321,36.772999999999996
REN,AT,2012,32.734,71.26785,9.765999999999998
REN,BE,2012,7.086,119.28711,35.414
REN,BG,2012,15.837,53.18919,26.663
REN,CY,2012,7.111,8.48684,35.389
REN,CZ,2012,12.814,121.91139,29.686
REN,DE,2012,13.549,914.7421,28.951
REN,DK,2012,25.465,56.24184,17.035
REN,EE,2012,25.586,18.34392,16.914
REN,EL,2012,13.741,109.44933,28.759
REN,ES,2012,14.239,298.45251,28.261
REN,FI,2012,34.222,30.21957,8.277999999999999
REN,FR,2012,13.239,440.70822,29.261
REN,HR,2012,26.757,20.99522,15.742999999999999
REN,HU,2012,15.53,57.0962,26.97
REN,IE,2012,7.029,61.18358,35.471000000000004
REN,IT,2012,15.441,454.96246,27.058999999999997
REN,LT,2012,21.437,11.84483,21.063
REN,LU,2012,3.112,11.42807,39.388
REN,LV,2012,35.709,5.73517,6.790999999999997
REN,MT,2012,2.862,3.14113,39.638
REN,NL,2012,4.659,200.43947,37.841
REN,PL,2012,10.955,336.92649,31.545
REN,PT,2012,24.574,63.789,17.926
REN,RO,2012,22.825,88.58706,19.675
REN,SE,2012,49.403,-2.86929,-6.902999999999999
REN,SI,2012,21.551,12.12323,20.949
REN,SK,2012,10.453,37.35178,32.047
REN_ELC,AT,2012,67.439,71.26785,-24.938999999999993
REN_ELC,BE,2012,11.338,119.28711,31.162
REN_ELC,BG,2012,15.816,53.18919,26.683999999999997
REN_ELC,CY,2012,4.927,8.48684,37.573
REN_ELC,CZ,2012,11.667,121.91139,30.833
REN_ELC,DE,2012,23.605,914.7421,18.895
REN_ELC,DK,2012,38.716,56.24184,3.783999999999999
REN_ELC,EE,2012,15.67,18.34392,26.83
REN_ELC,EL,2012,16.364,109.44933,26.136
REN_ELC,ES,2012,33.438,298.45251,9.061999999999998
REN_ELC,FI,2012,29.11,30.21957,13.39
REN_ELC,FR,2012,16.548,440.70822,25.952
REN_ELC,HR,2012,38.764,20.99522,3.735999999999997
REN_ELC,HU,2012,6.057,57.0962,36.443
REN_ELC,IE,2012,19.838,61.18358,22.662
REN_ELC,IT,2012,27.42,454.96246,15.079999999999998
REN_ELC,LT,2012,10.876,11.84483,31.624000000000002
REN_ELC,LU,2012,4.66,11.42807,37.84
REN_ELC,LV,2012,44.877,5.73517,-2.3770000000000024
REN_ELC,MT,2012,1.115,3.14113,41.385
REN_ELC,NL,2012,10.35,200.43947,32.15
REN_ELC,PL,2012,10.61,336.92649,31.89
REN_ELC,PT,2012,47.505,63.789,-5.005000000000003
REN_ELC,RO,2012,33.567,88.58706,8.933
REN_ELC,SE,2012,59.779,-2.86929,-17.279000000000003
REN_ELC,SI,2012,31.637,12.12323,10.863
REN_ELC,SK,2012,20.054,37.35178,22.446
REN_HEAT_CL,AT,2012,33.077,71.26785,9.423000000000002
REN_HEAT_CL,BE,2012,7.108,119.28711,35.392
REN_HEAT_CL,BG,2012,27.241,53.18919,15.259
REN_HEAT_CL,CY,2012,21.764,8.48684,20.736
REN_HEAT_CL,CZ,2012,16.249,121.91139,26.251
REN_HEAT_CL,DE,2012,13.423,914.7421,29.076999999999998
REN_HEAT_CL,DK,2012,33.201,56.24184,9.299
REN_HEAT_CL,EE,2012,43.218,18.34392,-0.7180000000000035
REN_HEAT_CL,EL,2012,24.122,109.44933,18.378
REN_HEAT_CL,ES,2012,13.969,298.45251,28.531
REN_HEAT_CL,FI,2012,48.23,30.21957,-5.729999999999997
REN_HEAT_CL,FR,2012,16.589,440.70822,25.911
REN_HEAT_CL,HR,2012,36.554,20.99522,5.945999999999998
REN_HEAT_CL,HU,2012,23.313,57.0962,19.187
REN_HEAT_CL,IE,2012,4.849,61.18358,37.650999999999996
REN_HEAT_CL,IT,2012,16.984,454.96246,25.516
REN_HEAT_CL,LT,2012,34.535,11.84483,7.965000000000003
REN_HEAT_CL,LU,2012,4.932,11.42807,37.568
REN_HEAT_CL,LV,2012,47.265,5.73517,-4.765000000000001
REN_HEAT_CL,MT,2012,13.397,3.14113,29.103
REN_HEAT_CL,NL,2012,3.768,200.43947,38.732
REN_HEAT_CL,PL,2012,13.497,336.92649,29.003
REN_HEAT_CL,PT,2012,33.153,63.789,9.347000000000001
REN_HEAT_CL,RO,2012,25.745,88.58706,16.755
REN_HEAT_CL,SE,2012,60.635,-2.86929,-18.134999999999998
REN_HEAT_CL,SI,2012,33.146,12.12323,9.354
REN_HEAT_CL,SK,2012,8.803,37.35178,33.697
REN_TRA,AT,2012,10.031,71.26785,32.469
REN_TRA,BE,2012,4.914,119.28711,37.586
REN_TRA,BG,2012,0.65,53.18919,41.85
REN_TRA,CY,2012,0.0,8.48684,42.5
REN_TRA,CZ,2012,6.249,121.91139,36.251
REN_TRA,DE,2012,7.322,914.7421,35.178
REN_TRA,DK,2012,6.278,56.24184,36.222
REN_TRA,EE,2012,0.451,18.34392,42.049
REN_TRA,EL,2012,0.903,109.44933,41.597
REN_TRA,ES,2012,0.869,298.45251,41.631
REN_TRA,FI,2012,1.049,30.21957,41.451
REN_TRA,FR,2012,7.414,440.70822,35.086
REN_TRA,HR,2012,1.049,20.99522,41.451
REN_TRA,HU,2012,5.998,57.0962,36.502
REN_TRA,IE,2012,4.044,61.18358,38.456
REN_TRA,IT,2012,6.155,454.96246,36.345
REN_TRA,LT,2012,4.973,11.84483,37.527
REN_TRA,LU,2012,2.827,11.42807,39.673
REN_TRA,LV,2012,3.995,5.73517,38.505
REN_TRA,MT,2012,3.216,3.14113,39.284
REN_TRA,NL,2012,5.217,200.43947,37.283
REN_TRA,PL,2012,6.533,336.92649,35.967
REN_TRA,PT,2012,0.807,63.789,41.693
REN_TRA,RO,2012,4.962,88.58706,37.538
REN_TRA,SE,2012,13.777,-2.86929,28.723
REN_TRA,SI,2012,3.252,12.12323,39.248
REN_TRA,SK,2012,5.596,37.35178,36.903999999999996
REN,AT,2013,32.665,75.84798,9.835
REN,BE,2013,7.671,118.96612,34.829
REN,BG,2013,18.898,48.71043,23.602
REN,CY,2013,8.428,7.77886,34.072
REN,CZ,2013,13.927,118.17132,28.573
REN,DE,2013,13.757,941.08162,28.743000000000002
REN,DK,2013,27.173,57.58576,15.327000000000002
REN,EE,2013,25.356,21.8173,17.144
REN,EL,2013,15.326,100.79861,27.174
REN,ES,2013,15.081,271.86473,27.419
REN,FI,2013,36.63,37.78247,5.869999999999997
REN,FR,2013,13.88,434.6151,28.619999999999997
REN,HR,2013,28.04,18.76562,14.46
REN,HU,2013,16.205,54.86868,26.295
REN,IE,2013,7.521,61.08215,34.979
REN,IT,2013,16.741,405.15459,25.759
REN,LT,2013,22.689,11.00131,19.811
REN,LU,2013,3.494,10.74727,39.006
REN,LV,2013,37.037,6.75031,5.463000000000001
REN,MT,2013,3.76,2.83216,38.74
REN,NL,2013,4.691,199.78575,37.809
REN,PL,2013,11.452,339.08574,31.048000000000002
REN,PT,2013,25.699,63.14167,16.801
REN,RO,2013,23.886,75.24078,18.614
REN,SE,2013,50.153,-4.36683,-7.652999999999999
REN,SI,2013,23.16,12.97644,19.34
REN,SK,2013,10.133,36.53176,32.367000000000004
REN_ELC,AT,2013,68.909,75.84798,-26.409000000000006
REN_ELC,BE,2013,12.547,118.96612,29.953
REN_ELC,BG,2013,18.682,48.71043,23.818
REN_ELC,CY,2013,6.654,7.77886,35.846000000000004
REN_ELC,CZ,2013,12.781,118.17132,29.719
REN_ELC,DE,2013,25.284,941.08162,17.216
REN_ELC,DK,2013,43.084,57.58576,-0.5840000000000032
REN_ELC,EE,2013,12.948,21.8173,29.552
REN_ELC,EL,2013,21.241,100.79861,21.259
REN_ELC,ES,2013,36.027,271.86473,6.472999999999999
REN_ELC,FI,2013,30.543,37.78247,11.957
REN_ELC,FR,2013,16.977,434.6151,25.523
REN_ELC,HR,2013,42.077,18.76562,0.4230000000000018
REN_ELC,HU,2013,6.6,54.86868,35.9
REN_ELC,IE,2013,20.96,61.08215,21.54
REN_ELC,IT,2013,31.302,405.15459,11.198
REN_ELC,LT,2013,13.149,11.00131,29.351
REN_ELC,LU,2013,5.329,10.74727,37.171
REN_ELC,LV,2013,48.685,6.75031,-6.185000000000002
REN_ELC,MT,2013,1.571,2.83216,40.929
REN_ELC,NL,2013,9.911,199.78575,32.589
REN_ELC,PL,2013,10.676,339.08574,31.823999999999998
REN_ELC,PT,2013,49.101,63.14167,-6.600999999999999
REN_ELC,RO,2013,37.516,75.24078,4.984000000000002
REN_ELC,SE,2013,61.737,-4.36683,-19.237000000000002
REN_ELC,SI,2013,33.081,12.97644,9.418999999999997
REN_ELC,SK,2013,20.8,36.53176,21.7
REN_HEAT_CL,AT,2013,33.222,75.84798,9.277999999999999
REN_HEAT_CL,BE,2013,7.639,118.96612,34.861
REN_HEAT_CL,BG,2013,29.234,48.71043,13.265999999999998
REN_HEAT_CL,CY,2013,22.537,7.77886,19.963
REN_HEAT_CL,CZ,2013,17.706,118.17132,24.794
REN_HEAT_CL,DE,2013,13.408,941.08162,29.092
REN_HEAT_CL,DK,2013,34.679,57.58576,7.820999999999998
REN_HEAT_CL,EE,2013,43.112,21.8173,-0.6120000000000019
REN_HEAT_CL,EL,2013,27.418,100.79861,15.082
REN_HEAT_CL,ES,2013,13.967,271.86473,28.533
REN_HEAT_CL,FI,2013,50.772,37.78247,-8.271999999999998
REN_HEAT_CL,FR,2013,17.608,434.6151,24.892
REN_HEAT_CL,HR,2013,37.308,18.76562,5.192
REN_HEAT_CL,HU,2013,23.699,54.86868,18.801
REN_HEAT_CL,IE,2013,5.185,61.08215,37.315
REN_HEAT_CL,IT,2013,18.092,405.15459,24.408
REN_HEAT_CL,LT,2013,36.873,11.00131,5.6270000000000024
REN_HEAT_CL,LU,2013,5.33,10.74727,37.17
REN_HEAT_CL,LV,2013,49.65,6.75031,-7.149999999999999
REN_HEAT_CL,MT,2013,15.399,2.83216,27.101
REN_HEAT_CL,NL,2013,4.002,199.78575,38.498
REN_HEAT_CL,PL,2013,14.265,339.08574,28.235
REN_HEAT_CL,PT,2013,34.628,63.14167,7.872
REN_HEAT_CL,RO,2013,26.195,75.24078,16.305
REN_HEAT_CL,SE,2013,61.708,-4.36683,-19.208
REN_HEAT_CL,SI,2013,35.116,12.97644,7.384
REN_HEAT_CL,SK,2013,7.875,36.53176,34.625
REN_TRA,AT,2013,9.695,75.84798,32.805
REN_TRA,BE,2013,5.088,118.96612,37.412
REN_TRA,BG,2013,5.886,48.71043,36.614
REN_TRA,CY,2013,1.127,7.77886,41.373
REN_TRA,CZ,2013,6.445,118.17132,36.055
REN_TRA,DE,2013,7.299,941.08162,35.201
REN_TRA,DK,2013,6.456,57.58576,36.044
REN_TRA,EE,2013,0.448,21.8173,42.052
REN_TRA,EL,2013,0.98,100.79861,41.52
REN_TRA,ES,2013,0.95,271.86473,41.55
REN_TRA,FI,2013,10.665,37.78247,31.835
REN_TRA,FR,2013,7.6,434.6151,34.9
REN_TRA,HR,2013,2.715,18.76562,39.785
REN_TRA,HU,2013,6.341,54.86868,36.159
REN_TRA,IE,2013,4.898,61.08215,37.602000000000004
REN_TRA,IT,2013,5.411,405.15459,37.089
REN_TRA,LT,2013,4.835,11.00131,37.665
REN_TRA,LU,2013,4.074,10.74727,38.426
REN_TRA,LV,2013,4.029,6.75031,38.471000000000004
REN_TRA,MT,2013,3.484,2.83216,39.016
REN_TRA,NL,2013,5.343,199.78575,37.157
REN_TRA,PL,2013,6.666,339.08574,35.834
REN_TRA,PT,2013,0.925,63.14167,41.575
REN_TRA,RO,2013,5.445,75.24078,37.055
REN_TRA,SE,2013,15.315,-4.36683,27.185000000000002
REN_TRA,SI,2013,3.769,12.97644,38.731
REN_TRA,SK,2013,6.212,36.53176,36.288
REN,AT,2014,33.55,67.33955,8.950000000000003
REN,BE,2014,8.038,113.18256,34.462
REN,BG,2014,18.05,50.46888,24.45
REN,CY,2014,9.144,8.13344,33.356
REN,CZ,2014,15.074,115.54153,27.426000000000002
REN,DE,2014,14.381,908.60889,28.119
REN,DK,2014,29.31,53.7222,13.190000000000001
REN,EE,2014,26.13,20.88082,16.37
REN,EL,2014,15.683,97.93345,26.817
REN,ES,2014,15.879,268.99434,26.621000000000002
REN,FI,2014,38.633,32.65861,3.8669999999999973
REN,FR,2014,14.362,409.59558,28.137999999999998
REN,HR,2014,27.817,18.17023,14.683
REN,HU,2014,14.618,54.15504,27.881999999999998
REN,IE,2014,8.516,60.96551,33.984
REN,IT,2014,17.082,382.97424,25.418
REN,LT,2014,23.592,11.79454,18.908
REN,LU,2014,4.471,10.32656,38.028999999999996
REN,LV,2014,38.629,10.79397,3.871000000000002
REN,MT,2014,4.744,2.84295,37.756
REN,NL,2014,5.415,192.38383,37.085
REN,PL,2014,11.605,333.79184,30.895
REN,PT,2014,29.508,60.14885,12.992
REN,RO,2014,24.845,72.6648,17.655
REN,SE,2014,51.151,-4.74705,-8.651000000000003
REN,SI,2014,22.459,17.11007,20.041
REN,SK,2014,11.713,36.71333,30.787
REN_ELC,AT,2014,71.059,67.33955,-28.558999999999997
REN_ELC,BE,2014,13.414,113.18256,29.086
REN_ELC,BG,2014,18.686,50.46888,23.814
REN_ELC,CY,2014,7.399,8.13344,35.101
REN_ELC,CZ,2014,13.89,115.54153,28.61
REN_ELC,DE,2014,28.171,908.60889,14.329
REN_ELC,DK,2014,48.493,53.7222,-5.993000000000002
REN_ELC,EE,2014,14.017,20.88082,28.483
REN_ELC,EL,2014,21.923,97.93345,20.577
REN_ELC,ES,2014,37.128,268.99434,5.372
REN_ELC,FI,2014,31.114,32.65861,11.386
REN_ELC,FR,2014,18.465,409.59558,24.035
REN_ELC,HR,2014,45.241,18.17023,-2.7409999999999997
REN_ELC,HU,2014,7.305,54.15504,35.195
REN_ELC,IE,2014,23.32,60.96551,19.18
REN_ELC,IT,2014,33.42,382.97424,9.079999999999998
REN_ELC,LT,2014,13.705,11.79454,28.795
REN_ELC,LU,2014,5.958,10.32656,36.542
REN_ELC,LV,2014,51.037,10.79397,-8.536999999999999
REN_ELC,MT,2014,3.333,2.84295,39.167
REN_ELC,NL,2014,9.924,192.38383,32.576
REN_ELC,PL,2014,12.36,333.79184,30.14
REN_ELC,PT,2014,52.054,60.14885,-9.554000000000002
REN_ELC,RO,2014,41.679,72.6648,0.820999999999998
REN_ELC,SE,2014,63.214,-4.74705,-20.714
REN_ELC,SI,2014,33.935,17.11007,8.564999999999998
REN_ELC,SK,2014,22.87,36.71333,19.63
REN_HEAT_CL,AT,2014,33.375,67.33955,9.125
REN_HEAT_CL,BE,2014,7.751,113.18256,34.749
REN_HEAT_CL,BG,2014,28.518,50.46888,13.982
REN_HEAT_CL,CY,2014,22.186,8.13344,20.314
REN_HEAT_CL,CZ,2014,19.528,115.54153,22.972
REN_HEAT_CL,DE,2014,13.409,908.60889,29.091
REN_HEAT_CL,DK,2014,38.014,53.7222,4.485999999999997
REN_HEAT_CL,EE,2014,44.934,20.88082,-2.4339999999999975
REN_HEAT_CL,EL,2014,27.87,97.93345,14.629999999999999
REN_HEAT_CL,ES,2014,15.557,268.99434,26.942999999999998
REN_HEAT_CL,FI,2014,51.955,32.65861,-9.454999999999998
REN_HEAT_CL,FR,2014,18.047,409.59558,24.453
REN_HEAT_CL,HR,2014,36.219,18.17023,6.280999999999999
REN_HEAT_CL,HU,2014,21.283,54.15504,21.217
REN_HEAT_CL,IE,2014,6.261,60.96551,36.239
REN_HEAT_CL,IT,2014,18.914,382.97424,23.586
REN_HEAT_CL,LT,2014,40.628,11.79454,1.8719999999999999
REN_HEAT_CL,LU,2014,7.07,10.32656,35.43
REN_HEAT_CL,LV,2014,52.15,10.79397,-9.649999999999999
REN_HEAT_CL,MT,2014,15.028,2.84295,27.472
REN_HEAT_CL,NL,2014,4.925,192.38383,37.575
REN_HEAT_CL,PL,2014,14.237,333.79184,28.262999999999998
REN_HEAT_CL,PT,2014,40.454,60.14885,2.0459999999999994
REN_HEAT_CL,RO,2014,26.739,72.6648,15.761
REN_HEAT_CL,SE,2014,62.566,-4.74705,-20.066000000000003
REN_HEAT_CL,SI,2014,34.641,17.11007,7.859000000000002
REN_HEAT_CL,SK,2014,8.865,36.71333,33.635
REN_TRA,AT,2014,10.983,67.33955,31.517
REN_TRA,BE,2014,5.845,113.18256,36.655
REN_TRA,BG,2014,5.742,50.46888,36.758
REN_TRA,CY,2014,2.68,8.13344,39.82
REN_TRA,CZ,2014,6.997,115.54153,35.503
REN_TRA,DE,2014,6.9,908.60889,35.6
REN_TRA,DK,2014,6.556,53.7222,35.944
REN_TRA,EE,2014,0.418,20.88082,42.082
REN_TRA,EL,2014,1.326,97.93345,41.174
REN_TRA,ES,2014,1.024,268.99434,41.476
REN_TRA,FI,2014,24.124,32.65861,18.376
REN_TRA,FR,2014,8.249,409.59558,34.251
REN_TRA,HR,2014,2.652,18.17023,39.848
REN_TRA,HU,2014,7.001,54.15504,35.499
REN_TRA,IE,2014,5.204,60.96551,37.296
REN_TRA,IT,2014,5.02,382.97424,37.480000000000004
REN_TRA,LT,2014,4.355,11.79454,38.144999999999996
REN_TRA,LU,2014,5.55,10.32656,36.95
REN_TRA,LV,2014,4.075,10.79397,38.425
REN_TRA,MT,2014,4.667,2.84295,37.833
REN_TRA,NL,2014,6.562,192.38383,35.938
REN_TRA,PL,2014,6.319,333.79184,36.181
REN_TRA,PT,2014,3.667,60.14885,38.833
REN_TRA,RO,2014,4.675,72.6648,37.825
REN_TRA,SE,2014,18.831,-4.74705,23.669
REN_TRA,SI,2014,2.876,17.11007,39.624
REN_TRA,SK,2014,7.951,36.71333,34.549
REN,AT,2015,33.497,75.27649,9.003
REN,BE,2015,8.06,117.56798,34.44
REN,BG,2015,18.261,54.07959,24.239
REN,CY,2015,9.903,8.18284,32.597
REN,CZ,2015,15.07,115.61906,27.43
REN,DE,2015,14.901,905.19418,27.599
REN,DK,2015,30.469,50.08338,12.030999999999999
REN,EE,2015,28.987,18.39673,13.513000000000002
REN,EL,2015,15.69,92.60584,26.810000000000002
REN,ES,2015,16.221,277.13635,26.279
REN,FI,2015,39.23,34.15887,3.270000000000003
REN,FR,2015,14.803,415.83468,27.697
REN,HR,2015,28.969,18.94378,13.530999999999999
REN,HU,2015,14.495,56.72053,28.005000000000003
REN,IE,2015,9.083,63.36633,33.417
REN,IT,2015,17.525,391.07028,24.975
REN,LT,2015,25.748,12.54744,16.752
REN,LU,2015,4.987,9.9184,37.513
REN,LV,2015,37.538,9.17146,4.962000000000003
REN,MT,2015,5.119,2.143,37.381
REN,NL,2015,5.714,199.26804,36.786
REN,PL,2015,11.881,340.33021,30.619
REN,PT,2015,30.514,65.63037,11.986
REN,RO,2015,24.785,72.74296,17.715
REN,SE,2015,52.22,-2.35058,-9.719999999999999
REN,SI,2015,22.879,17.40786,19.621
REN,SK,2015,12.882,36.65202,29.618000000000002
REN_ELC,AT,2015,71.487,75.27649,-28.986999999999995
REN_ELC,BE,2015,15.573,117.56798,26.927
REN_ELC,BG,2015,18.975,54.07959,23.525
REN_ELC,CY,2015,8.445,8.18284,34.055
REN_ELC,CZ,2015,14.072,115.61906,28.428
REN_ELC,DE,2015,30.882,905.19418,11.617999999999999
REN_ELC,DK,2015,51.292,50.08338,-8.792000000000002
REN_ELC,EE,2015,16.152,18.39673,26.348
REN_ELC,EL,2015,22.089,92.60584,20.411
REN_ELC,ES,2015,36.972,277.13635,5.527999999999999
REN_ELC,FI,2015,32.207,34.15887,10.293
REN_ELC,FR,2015,18.821,415.83468,23.679
REN_ELC,HR,2015,45.409,18.94378,-2.908999999999999
REN_ELC,HU,2015,7.341,56.72053,35.159
REN_ELC,IE,2015,25.725,63.36633,16.775
REN_ELC,IT,2015,33.459,391.07028,9.040999999999997
REN_ELC,LT,2015,15.543,12.54744,26.957
REN_ELC,LU,2015,6.197,9.9184,36.303
REN_ELC,LV,2015,52.205,9.17146,-9.704999999999998
REN_ELC,MT,2015,4.312,2.143,38.188
REN_ELC,NL,2015,11.04,199.26804,31.46
REN_ELC,PL,2015,13.401,340.33021,29.099
REN_ELC,PT,2015,52.616,65.63037,-10.116
REN_ELC,RO,2015,43.161,72.74296,-0.6610000000000014
REN_ELC,SE,2015,65.733,-2.35058,-23.233000000000004
REN_ELC,SI,2015,32.722,17.40786,9.777999999999999
REN_ELC,SK,2015,22.656,36.65202,19.844
REN_HEAT_CL,AT,2015,33.231,75.27649,9.268999999999998
REN_HEAT_CL,BE,2015,7.942,117.56798,34.558
REN_HEAT_CL,BG,2015,28.903,54.07959,13.597000000000001
REN_HEAT_CL,CY,2015,24.066,8.18284,18.434
REN_HEAT_CL,CZ,2015,19.787,115.61906,22.713
REN_HEAT_CL,DE,2015,13.432,905.19418,29.067999999999998
REN_HEAT_CL,DK,2015,39.536,50.08338,2.9639999999999986
REN_HEAT_CL,EE,2015,50.031,18.39673,-7.530999999999999
REN_HEAT_CL,EL,2015,26.557,92.60584,15.943000000000001
REN_HEAT_CL,ES,2015,16.85,277.13635,25.65
REN_HEAT_CL,FI,2015,52.618,34.15887,-10.118000000000002
REN_HEAT_CL,FR,2015,18.879,415.83468,23.621
REN_HEAT_CL,HR,2015,38.619,18.94378,3.8810000000000002
REN_HEAT_CL,HU,2015,21.335,56.72053,21.165
REN_HEAT_CL,IE,2015,6.184,63.36633,36.316
REN_HEAT_CL,IT,2015,19.255,391.07028,23.245
REN_HEAT_CL,LT,2015,46.081,12.54744,-3.581000000000003
REN_HEAT_CL,LU,2015,6.858,9.9184,35.642
REN_HEAT_CL,LV,2015,51.738,9.17146,-9.238
REN_HEAT_CL,MT,2015,14.639,2.143,27.861
REN_HEAT_CL,NL,2015,5.278,199.26804,37.222
REN_HEAT_CL,PL,2015,14.795,340.33021,27.705
REN_HEAT_CL,PT,2015,40.1,65.63037,2.3999999999999986
REN_HEAT_CL,RO,2015,25.886,72.74296,16.614
REN_HEAT_CL,SE,2015,63.235,-2.35058,-20.735
REN_HEAT_CL,SI,2015,36.15,17.40786,6.350000000000001
REN_HEAT_CL,SK,2015,10.791,36.65202,31.709
REN_TRA,AT,2015,11.409,75.27649,31.091
REN_TRA,BE,2015,3.921,117.56798,38.579
REN_TRA,BG,2015,6.492,54.07959,36.008
REN_TRA,CY,2015,2.521,8.18284,39.979
REN_TRA,CZ,2015,6.537,115.61906,35.963
REN_TRA,DE,2015,6.569,905.19418,35.931
REN_TRA,DK,2015,6.432,50.08338,36.068
REN_TRA,EE,2015,0.413,18.39673,42.087
REN_TRA,EL,2015,1.1,92.60584,41.4
REN_TRA,ES,2015,1.088,277.13635,41.412
REN_TRA,FI,2015,24.567,34.15887,17.933
REN_TRA,FR,2015,8.366,415.83468,34.134
REN_TRA,HR,2015,2.361,18.94378,40.139
REN_TRA,HU,2015,7.169,56.72053,35.331
REN_TRA,IE,2015,5.942,63.36633,36.558
REN_TRA,IT,2015,6.505,391.07028,35.995
REN_TRA,LT,2015,4.582,12.54744,37.918
REN_TRA,LU,2015,6.7,9.9184,35.8
REN_TRA,LV,2015,3.639,9.17146,38.861
REN_TRA,MT,2015,4.679,2.143,37.821
REN_TRA,NL,2015,5.597,199.26804,36.903
REN_TRA,PL,2015,5.686,340.33021,36.814
REN_TRA,PT,2015,7.431,65.63037,35.069
REN_TRA,RO,2015,5.488,72.74296,37.012
REN_TRA,SE,2015,21.49,-2.35058,21.01
REN_TRA,SI,2015,2.242,17.40786,40.258
REN_TRA,SK,2015,8.631,36.65202,33.869
REN,AT,2016,33.37,72.22816,9.130000000000003
REN,BE,2016,8.744,116.20159,33.756
REN,BG,2016,18.76,49.77645,23.74
REN,CY,2016,9.833,8.728,32.667
REN,CZ,2016,14.926,119.12358,27.573999999999998
REN,DE,2016,14.885,910.44624,27.615000000000002
REN,DK,2016,31.715,53.02524,10.785
REN,EE,2016,29.232,21.39988,13.268
REN,EL,2016,15.39,88.35172,27.11
REN,ES,2016,17.015,265.54909,25.485
REN,FI,2016,38.943,42.08565,3.557000000000002
REN,FR,2016,15.451,424.72874,27.049
REN,HR,2016,28.266,19.10103,14.234000000000002
REN,HU,2016,14.377,58.42138,28.122999999999998
REN,IE,2016,9.189,65.37795,33.311
REN,IT,2016,17.415,386.81498,25.085
REN,LT,2016,25.612,13.10099,16.888
REN,LU,2016,5.364,9.59508,37.136
REN,LV,2016,37.138,7.63454,5.362000000000002
REN,MT,2016,6.208,1.84703,36.292
REN,NL,2016,5.846,199.46735,36.653999999999996
REN,PL,2016,11.396,344.19756,31.104
REN,PT,2016,30.864,66.3526,11.636
REN,RO,2016,25.032,69.32053,17.468
REN,SE,2016,52.597,0.57929,-10.097000000000001
REN,SI,2016,21.975,18.47315,20.525
REN,SK,2016,12.029,37.33577,30.471
REN_ELC,AT,2016,72.521,72.22816,-30.021
REN_ELC,BE,2016,15.834,116.20159,26.666
REN_ELC,BG,2016,19.147,49.77645,23.353
REN_ELC,CY,2016,8.587,8.728,33.913
REN_ELC,CZ,2016,13.615,119.12358,28.884999999999998
REN_ELC,DE,2016,32.273,910.44624,10.226999999999997
REN_ELC,DK,2016,53.717,53.02524,-11.216999999999999
REN_ELC,EE,2016,16.194,21.39988,26.306
REN_ELC,EL,2016,22.657,88.35172,19.843
REN_ELC,ES,2016,36.676,265.54909,5.823999999999998
REN_ELC,FI,2016,32.716,42.08565,9.783999999999999
REN_ELC,FR,2016,19.209,424.72874,23.291
REN_ELC,HR,2016,46.667,19.10103,-4.167000000000002
REN_ELC,HU,2016,7.292,58.42138,35.208
REN_ELC,IE,2016,27.069,65.37795,15.431000000000001
REN_ELC,IT,2016,34.012,386.81498,8.488
REN_ELC,LT,2016,16.872,13.10099,25.628
REN_ELC,LU,2016,6.674,9.59508,35.826
REN_ELC,LV,2016,51.251,7.63454,-8.750999999999998
REN_ELC,MT,2016,5.714,1.84703,36.786
REN_ELC,NL,2016,12.55,199.46735,29.95
REN_ELC,PL,2016,13.342,344.19756,29.158
REN_ELC,PT,2016,53.99,66.3526,-11.490000000000002
REN_ELC,RO,2016,42.712,69.32053,-0.2120000000000033
REN_ELC,SE,2016,64.869,0.57929,-22.369
REN_ELC,SI,2016,32.056,18.47315,10.444000000000003
REN_ELC,SK,2016,22.513,37.33577,19.987
REN_HEAT_CL,AT,2016,33.48,72.22816,9.020000000000003
REN_HEAT_CL,BE,2016,8.247,116.20159,34.253
REN_HEAT_CL,BG,2016,29.99,49.77645,12.510000000000002
REN_HEAT_CL,CY,2016,24.69,8.728,17.81
REN_HEAT_CL,CZ,2016,19.879,119.12358,22.621
REN_HEAT_CL,DE,2016,13.032,910.44624,29.468
REN_HEAT_CL,DK,2016,41.078,53.02524,1.421999999999997
REN_HEAT_CL,EE,2016,51.765,21.39988,-9.265
REN_HEAT_CL,EL,2016,25.422,88.35172,17.078
REN_HEAT_CL,ES,2016,15.898,265.54909,26.602
REN_HEAT_CL,FI,2016,53.704,42.08565,-11.204
REN_HEAT_CL,FR,2016,20.12,424.72874,22.38
REN_HEAT_CL,HR,2016,37.636,19.10103,4.863999999999997
REN_HEAT_CL,HU,2016,21.027,58.42138,21.473
REN_HEAT_CL,IE,2016,6.243,65.37795,36.257
REN_HEAT_CL,IT,2016,18.887,386.81498,23.613
REN_HEAT_CL,LT,2016,46.563,13.10099,-4.063000000000002
REN_HEAT_CL,LU,2016,7.058,9.59508,35.442
REN_HEAT_CL,LV,2016,51.812,7.63454,-9.311999999999998
REN_HEAT_CL,MT,2016,16.854,1.84703,25.646
REN_HEAT_CL,NL,2016,5.192,199.46735,37.308
REN_HEAT_CL,PL,2016,14.919,344.19756,27.581
REN_HEAT_CL,PT,2016,41.614,66.3526,0.8860000000000028
REN_HEAT_CL,RO,2016,26.865,69.32053,15.635000000000002
REN_HEAT_CL,SE,2016,63.412,0.57929,-20.912
REN_HEAT_CL,SI,2016,35.563,18.47315,6.936999999999998
REN_HEAT_CL,SK,2016,9.879,37.33577,32.621
REN_TRA,AT,2016,10.583,72.22816,31.917
REN_TRA,BE,2016,6.029,116.20159,36.471000000000004
REN_TRA,BG,2016,7.203,49.77645,35.297
REN_TRA,CY,2016,2.671,8.728,39.829
REN_TRA,CZ,2016,6.496,119.12358,36.004
REN_TRA,DE,2016,7.013,910.44624,35.487
REN_TRA,DK,2016,6.732,53.02524,35.768
REN_TRA,EE,2016,0.431,21.39988,42.069
REN_TRA,EL,2016,1.624,88.35172,40.876
REN_TRA,ES,2016,5.167,265.54909,37.333
REN_TRA,FI,2016,8.816,42.08565,33.684
REN_TRA,FR,2016,8.405,424.72874,34.095
REN_TRA,HR,2016,1.218,19.10103,41.282
REN_TRA,HU,2016,7.768,58.42138,34.732
REN_TRA,IE,2016,5.159,65.37795,37.341
REN_TRA,IT,2016,7.414,386.81498,35.086
REN_TRA,LT,2016,3.649,13.10099,38.851
REN_TRA,LU,2016,5.965,9.59508,36.535
REN_TRA,LV,2016,2.449,7.63454,40.051
REN_TRA,MT,2016,5.269,1.84703,37.231
REN_TRA,NL,2016,4.761,199.46735,37.739
REN_TRA,PL,2016,3.974,344.19756,38.525999999999996
REN_TRA,PT,2016,7.647,66.3526,34.853
REN_TRA,RO,2016,6.169,69.32053,36.331
REN_TRA,SE,2016,26.56,0.57929,15.940000000000001
REN_TRA,SI,2016,1.601,18.47315,40.899
REN_TRA,SK,2016,7.765,37.33577,34.735
REN,AT,2017,33.136,78.27884,9.363999999999997
REN,BE,2017,9.136,115.69618,33.364000000000004
REN,BG,2017,18.695,51.79553,23.805
REN,CY,2017,10.478,8.77936,32.022
REN,CZ,2017,14.799,122.14698,27.701
REN,DE,2017,15.472,900.05587,27.028
REN,DK,2017,34.387,50.51749,8.113
REN,EE,2017,29.538,22.0536,12.962
REN,EL,2017,17.3,92.4496,25.2
REN,ES,2017,17.118,278.37547,25.382
REN,FI,2017,40.857,44.29889,1.6430000000000007
REN,FR,2017,15.847,432.11988,26.653
REN,HR,2017,27.28,20.8422,15.219999999999999
REN,HU,2017,13.556,59.55106,28.944000000000003
REN,IE,2017,10.52,65.93893,31.98
REN,IT,2017,18.267,394.38909,24.233
REN,LT,2017,26.038,14.04614,16.462
REN,LU,2017,6.194,9.87206,36.306
REN,LV,2017,39.008,6.51557,3.4919999999999973
REN,MT,2017,7.219,2.01188,35.281
REN,NL,2017,6.507,196.10885,35.993
REN,PL,2017,11.059,358.43727,31.441000000000003
REN,PT,2017,30.611,86.51799,11.889
REN,RO,2017,24.454,73.20777,18.046
REN,SE,2017,53.39,5.57464,-10.89
REN,SI,2017,21.658,18.68698,20.842
REN,SK,2017,11.465,38.50896,31.035
REN_ELC,AT,2017,71.626,78.27884,-29.126000000000005
REN_ELC,BE,2017,17.214,115.69618,25.286
REN_ELC,BG,2017,19.022,51.79553,23.478
REN_ELC,CY,2017,8.911,8.77936,33.589
REN_ELC,CZ,2017,13.654,122.14698,28.846
REN_ELC,DE,2017,34.612,900.05587,7.887999999999998
REN_ELC,DK,2017,59.94,50.51749,-17.439999999999998
REN_ELC,EE,2017,17.583,22.0536,24.917
REN_ELC,EL,2017,24.464,92.4496,18.036
REN_ELC,ES,2017,36.465,278.37547,6.034999999999997
REN_ELC,FI,2017,35.044,44.29889,7.456000000000003
REN_ELC,FR,2017,19.933,432.11988,22.567
REN_ELC,HR,2017,46.437,20.8422,-3.9369999999999976
REN_ELC,HU,2017,7.513,59.55106,34.987
REN_ELC,IE,2017,30.318,65.93893,12.181999999999999
REN_ELC,IT,2017,34.104,394.38909,8.396
REN_ELC,LT,2017,18.255,14.04614,24.245
REN_ELC,LU,2017,8.055,9.87206,34.445
REN_ELC,LV,2017,54.352,6.51557,-11.851999999999997
REN_ELC,MT,2017,6.845,2.01188,35.655
REN_ELC,NL,2017,13.812,196.10885,28.688000000000002
REN_ELC,PL,2017,13.082,358.43727,29.418
REN_ELC,PT,2017,54.168,86.51799,-11.668
REN_ELC,RO,2017,41.965,73.20777,0.5349999999999966
REN_ELC,SE,2017,65.909,5.57464,-23.409000000000006
REN_ELC,SI,2017,32.425,18.68698,10.075000000000003
REN_ELC,SK,2017,21.343,38.50896,21.157
REN_HEAT_CL,AT,2017,33.67,78.27884,8.829999999999998
REN_HEAT_CL,BE,2017,8.2,115.69618,34.3
REN_HEAT_CL,BG,2017,29.854,51.79553,12.646
REN_HEAT_CL,CY,2017,26.42,8.77936,16.08
REN_HEAT_CL,CZ,2017,19.728,122.14698,22.772
REN_HEAT_CL,DE,2017,13.369,900.05587,29.131
REN_HEAT_CL,DK,2017,44.063,50.51749,-1.5630000000000024
REN_HEAT_CL,EE,2017,52.217,22.0536,-9.716999999999999
REN_HEAT_CL,EL,2017,28.246,92.4496,14.254000000000001
REN_HEAT_CL,ES,2017,16.205,278.37547,26.295
REN_HEAT_CL,FI,2017,54.593,44.29889,-12.093000000000004
REN_HEAT_CL,FR,2017,20.599,432.11988,21.901
REN_HEAT_CL,HR,2017,36.627,20.8422,5.8729999999999976
REN_HEAT_CL,HU,2017,19.902,59.55106,22.598
REN_HEAT_CL,IE,2017,6.624,65.93893,35.876
REN_HEAT_CL,IT,2017,20.083,394.38909,22.417
REN_HEAT_CL,LT,2017,46.495,14.04614,-3.9949999999999974
REN_HEAT_CL,LU,2017,7.45,9.87206,35.05
REN_HEAT_CL,LV,2017,54.582,6.51557,-12.082
REN_HEAT_CL,MT,2017,19.314,2.01188,23.186
REN_HEAT_CL,NL,2017,5.75,196.10885,36.75
REN_HEAT_CL,PL,2017,14.779,358.43727,27.721
REN_HEAT_CL,PT,2017,41.022,86.51799,1.4780000000000015
REN_HEAT_CL,RO,2017,26.581,73.20777,15.919
REN_HEAT_CL,SE,2017,63.62,5.57464,-21.119999999999997
REN_HEAT_CL,SI,2017,34.639,18.68698,7.860999999999997
REN_HEAT_CL,SK,2017,9.837,38.50896,32.663
REN_TRA,AT,2017,9.703,78.27884,32.797
REN_TRA,BE,2017,6.637,115.69618,35.863
REN_TRA,BG,2017,7.273,51.79553,35.227000000000004
REN_TRA,CY,2017,2.561,8.77936,39.939
REN_TRA,CZ,2017,6.616,122.14698,35.884
REN_TRA,DE,2017,7.028,900.05587,35.472
REN_TRA,DK,2017,6.935,50.51749,35.565
REN_TRA,EE,2017,0.417,22.0536,42.083
REN_TRA,EL,2017,4.001,92.4496,38.499
REN_TRA,ES,2017,5.798,278.37547,36.702
REN_TRA,FI,2017,18.679,44.29889,23.821
REN_TRA,FR,2017,8.765,432.11988,33.735
REN_TRA,HR,2017,1.174,20.8422,41.326
REN_TRA,HU,2017,7.731,59.55106,34.769
REN_TRA,IE,2017,7.442,65.93893,35.058
REN_TRA,IT,2017,6.484,394.38909,36.016
REN_TRA,LT,2017,4.3,14.04614,38.2
REN_TRA,LU,2017,6.478,9.87206,36.022
REN_TRA,LV,2017,2.27,6.51557,40.23
REN_TRA,MT,2017,6.826,2.01188,35.674
REN_TRA,NL,2017,5.842,196.10885,36.658
REN_TRA,PL,2017,4.232,358.43727,38.268
REN_TRA,PT,2017,7.914,86.51799,34.586
REN_TRA,RO,2017,6.558,73.20777,35.942
REN_TRA,SE,2017,26.842,5.57464,15.658000000000001
REN_TRA,SI,2017,2.571,18.68698,39.929
REN_TRA,SK,2017,6.95,38.50896,35.55
REN,AT,2018,33.784,81.47219,8.716000000000001
REN,BE,2018,9.472,116.5001,33.028
REN,BG,2018,20.581,47.2227,21.919
REN,CY,2018,13.873,8.67214,28.627000000000002
REN,CZ,2018,15.139,125.32858,27.361
REN,DE,2018,16.66,908.32005,25.84
REN,DK,2018,35.159,52.20211,7.341000000000001
REN,EE,2018,29.97,23.18988,12.530000000000001
REN,EL,2018,18.001,88.37326,24.499
REN,ES,2018,17.023,272.04238,25.477
REN,FI,2018,41.185,57.8547,1.3149999999999977
REN,FR,2018,16.384,398.82671,26.116
REN,HR,2018,28.047,19.04771,14.453
REN,HU,2018,12.548,60.28028,29.951999999999998
REN,IE,2018,10.942,64.59517,31.558
REN,IT,2018,17.796,371.22613,24.704
REN,LT,2018,24.695,13.5349,17.805
REN,LU,2018,8.942,10.35018,33.558
REN,LV,2018,40.019,9.53895,2.4810000000000016
REN,MT,2018,7.914,2.01468,34.586
REN,NL,2018,7.394,190.7276,35.106
REN,PL,2018,14.936,359.19225,27.564
REN,PT,2018,30.203,64.262,12.297
REN,RO,2018,23.875,79.73421,18.625
REN,SE,2018,53.916,11.24396,-11.415999999999997
REN,SI,2018,21.378,18.62113,21.122
REN,SK,2018,11.896,39.09561,30.604
REN_ELC,AT,2018,74.189,81.47219,-31.688999999999993
REN_ELC,BE,2018,18.886,116.5001,23.614
REN_ELC,BG,2018,22.355,47.2227,20.145
REN_ELC,CY,2018,9.357,8.67214,33.143
REN_ELC,CZ,2018,13.711,125.32858,28.789
REN_ELC,DE,2018,37.591,908.32005,4.908999999999999
REN_ELC,DK,2018,62.394,52.20211,-19.894
REN_ELC,EE,2018,19.679,23.18988,22.821
REN_ELC,EL,2018,26.001,88.37326,16.499
REN_ELC,ES,2018,35.236,272.04238,7.264000000000003
REN_ELC,FI,2018,36.539,57.8547,5.9609999999999985
REN_ELC,FR,2018,21.131,398.82671,21.369
REN_ELC,HR,2018,48.139,19.04771,-5.639000000000003
REN_ELC,HU,2018,8.306,60.28028,34.194
REN_ELC,IE,2018,33.317,64.59517,9.183
REN_ELC,IT,2018,33.93,371.22613,8.57
REN_ELC,LT,2018,18.408,13.5349,24.092
REN_ELC,LU,2018,9.115,10.35018,33.385
REN_ELC,LV,2018,53.499,9.53895,-10.999000000000002
REN_ELC,MT,2018,7.702,2.01468,34.798
REN_ELC,NL,2018,15.171,190.7276,27.329
REN_ELC,PL,2018,13.027,359.19225,29.473
REN_ELC,PT,2018,52.186,64.262,-9.686
REN_ELC,RO,2018,41.793,79.73421,0.7070000000000007
REN_ELC,SE,2018,66.228,11.24396,-23.727999999999994
REN_ELC,SI,2018,32.307,18.62113,10.192999999999998
REN_ELC,SK,2018,21.499,39.09561,21.001
REN_HEAT_CL,AT,2018,34.178,81.47219,8.322000000000003
REN_HEAT_CL,BE,2018,8.29,116.5001,34.21
REN_HEAT_CL,BG,2018,33.25,47.2227,9.25
REN_HEAT_CL,CY,2018,37.164,8.67214,5.3359999999999985
REN_HEAT_CL,CZ,2018,20.642,125.32858,21.858
REN_HEAT_CL,DE,2018,14.22,908.32005,28.28
REN_HEAT_CL,DK,2018,44.968,52.20211,-2.4680000000000035
REN_HEAT_CL,EE,2018,53.671,23.18988,-11.171
REN_HEAT_CL,EL,2018,30.123,88.37326,12.376999999999999
REN_HEAT_CL,ES,2018,16.135,272.04238,26.365
REN_HEAT_CL,FI,2018,54.905,57.8547,-12.405000000000001
REN_HEAT_CL,FR,2018,21.216,398.82671,21.284
REN_HEAT_CL,HR,2018,36.65,19.04771,5.850000000000001
REN_HEAT_CL,HU,2018,18.204,60.28028,24.296
REN_HEAT_CL,IE,2018,6.381,64.59517,36.119
REN_HEAT_CL,IT,2018,19.279,371.22613,23.221
REN_HEAT_CL,LT,2018,46.016,13.5349,-3.5159999999999982
REN_HEAT_CL,LU,2018,8.362,10.35018,34.138
REN_HEAT_CL,LV,2018,55.413,9.53895,-12.912999999999997
REN_HEAT_CL,MT,2018,22.825,2.01468,19.675
REN_HEAT_CL,NL,2018,6.16,190.7276,36.34
REN_HEAT_CL,PL,2018,21.473,359.19225,21.027
REN_HEAT_CL,PT,2018,40.924,64.262,1.5760000000000005
REN_HEAT_CL,RO,2018,25.434,79.73421,17.066
REN_HEAT_CL,SE,2018,63.301,11.24396,-20.801000000000002
REN_HEAT_CL,SI,2018,32.337,18.62113,10.162999999999997
REN_HEAT_CL,SK,2018,10.599,39.09561,31.901
REN_TRA,AT,2018,9.931,81.47219,32.569
REN_TRA,BE,2018,6.709,116.5001,35.791
REN_TRA,BG,2018,8.076,47.2227,34.424
REN_TRA,CY,2018,2.661,8.67214,39.839
REN_TRA,CZ,2018,6.556,125.32858,35.944
REN_TRA,DE,2018,7.941,908.32005,34.559
REN_TRA,DK,2018,6.92,52.20211,35.58
REN_TRA,EE,2018,3.315,23.18988,39.185
REN_TRA,EL,2018,4.108,88.37326,38.392
REN_TRA,ES,2018,6.938,272.04238,35.562
REN_TRA,FI,2018,14.772,57.8547,27.728
REN_TRA,FR,2018,8.963,398.82671,33.537
REN_TRA,HR,2018,2.582,19.04771,39.918
REN_TRA,HU,2018,7.746,60.28028,34.754
REN_TRA,IE,2018,7.186,64.59517,35.314
REN_TRA,IT,2018,7.659,371.22613,34.841
REN_TRA,LT,2018,4.333,13.5349,38.167
REN_TRA,LU,2018,6.596,10.35018,35.903999999999996
REN_TRA,LV,2018,4.729,9.53895,37.771
REN_TRA,MT,2018,8.019,2.01468,34.481
REN_TRA,NL,2018,9.483,190.7276,33.016999999999996
REN_TRA,PL,2018,5.72,359.19225,36.78
REN_TRA,PT,2018,9.037,64.262,33.463
REN_TRA,RO,2018,6.342,79.73421,36.158
REN_TRA,SE,2018,29.696,11.24396,12.803999999999998
REN_TRA,SI,2018,5.48,18.62113,37.019999999999996
REN_TRA,SK,2018,6.988,39.09561,35.512
REN,AT,2019,33.755,86.31972,8.744999999999997
REN,BE,2019,9.929,115.64899,32.571
REN,BG,2019,21.545,45.93617,20.955
REN,CY,2019,13.777,8.71516,28.723
REN,CZ,2019,16.239,127.13757,26.261
REN,DE,2019,17.266,839.10402,25.234
REN,DK,2019,37.02,47.20787,5.479999999999997
REN,EE,2019,31.73,17.31765,10.77
REN,EL,2019,19.633,81.22711,22.867
REN,ES,2019,17.852,255.21534,24.648
REN,FI,2019,42.807,51.06771,-0.30700000000000216
REN,FR,2019,17.174,393.67981,25.326
REN,HR,2019,28.466,18.9637,14.033999999999999
REN,HU,2019,12.634,59.44052,29.866
REN,IE,2019,11.979,62.70089,30.521
REN,IT,2019,18.181,360.67062,24.319
REN,LT,2019,25.474,14.18523,17.026
REN,LU,2019,7.046,10.42528,35.454
REN,LV,2019,40.929,7.11444,1.570999999999998
REN,MT,2019,8.23,2.12019,34.269999999999996
REN,NL,2019,8.886,184.70742,33.614000000000004
REN,PL,2019,15.377,353.55832,27.122999999999998
REN,PT,2019,30.623,61.23863,11.876999999999999
REN,RO,2019,24.29,76.43268,18.21
REN,SE,2019,55.785,9.53654,-13.284999999999997
REN,SI,2019,21.968,12.61402,20.532
REN,SK,2019,16.894,35.94457,25.606
REN_ELC,AT,2019,75.067,86.31972,-32.56699999999999
REN_ELC,BE,2019,20.817,115.64899,21.683
REN_ELC,BG,2019,23.509,45.93617,18.991
REN_ELC,CY,2019,9.756,8.71516,32.744
REN_ELC,CZ,2019,14.046,127.13757,28.454
REN_ELC,DE,2019,40.604,839.10402,1.8960000000000008
REN_ELC,DK,2019,65.347,47.20787,-22.846999999999994
REN_ELC,EE,2019,21.998,17.31765,20.502
REN_ELC,EL,2019,31.295,81.22711,11.204999999999998
REN_ELC,ES,2019,37.131,255.21534,5.369
REN_ELC,FI,2019,37.969,51.06771,4.530999999999999
REN_ELC,FR,2019,22.389,393.67981,20.111
REN_ELC,HR,2019,49.783,18.9637,-7.283000000000001
REN_ELC,HU,2019,9.969,59.44052,32.531
REN_ELC,IE,2019,36.46,62.70089,6.039999999999999
REN_ELC,IT,2019,34.969,360.67062,7.530999999999999
REN_ELC,LT,2019,18.79,14.18523,23.71
REN_ELC,LU,2019,10.863,10.42528,31.637
REN_ELC,LV,2019,53.423,7.11444,-10.923000000000002
REN_ELC,MT,2019,7.485,2.12019,35.015
REN_ELC,NL,2019,18.23,184.70742,24.27
REN_ELC,PL,2019,14.356,353.55832,28.144
REN_ELC,PT,2019,53.774,61.23863,-11.274000000000001
REN_ELC,RO,2019,42.616,76.43268,-0.11599999999999966
REN_ELC,SE,2019,71.234,9.53654,-28.733999999999995
REN_ELC,SI,2019,32.632,12.61402,9.868000000000002
REN_ELC,SK,2019,22.103,35.94457,20.397
REN_HEAT_CL,AT,2019,33.929,86.31972,8.570999999999998
REN_HEAT_CL,BE,2019,8.319,115.64899,34.181
REN_HEAT_CL,BG,2019,35.423,45.93617,7.076999999999998
REN_HEAT_CL,CY,2019,35.051,8.71516,7.448999999999998
REN_HEAT_CL,CZ,2019,22.632,127.13757,19.868
REN_HEAT_CL,DE,2019,14.504,839.10402,27.996000000000002
REN_HEAT_CL,DK,2019,47.302,47.20787,-4.802
REN_HEAT_CL,EE,2019,52.193,17.31765,-9.692999999999998
REN_HEAT_CL,EL,2019,30.048,81.22711,12.452000000000002
REN_HEAT_CL,ES,2019,17.203,255.21534,25.297
REN_HEAT_CL,FI,2019,56.884,51.06771,-14.384
REN_HEAT_CL,FR,2019,22.36,393.67981,20.14
REN_HEAT_CL,HR,2019,36.791,18.9637,5.709000000000003
REN_HEAT_CL,HU,2019,18.16,59.44052,24.34
REN_HEAT_CL,IE,2019,6.344,62.70089,36.156
REN_HEAT_CL,IT,2019,19.699,360.67062,22.801
REN_HEAT_CL,LT,2019,47.372,14.18523,-4.872
REN_HEAT_CL,LU,2019,8.687,10.42528,33.813
REN_HEAT_CL,LV,2019,57.749,7.11444,-15.249000000000002
REN_HEAT_CL,MT,2019,23.602,2.12019,18.898
REN_HEAT_CL,NL,2019,7.217,184.70742,35.283
REN_HEAT_CL,PL,2019,22.005,353.55832,20.495
REN_HEAT_CL,PT,2019,41.657,61.23863,0.8430000000000035
REN_HEAT_CL,RO,2019,25.739,76.43268,16.761
REN_HEAT_CL,SE,2019,64.394,9.53654,-21.894000000000005
REN_HEAT_CL,SI,2019,32.132,12.61402,10.368000000000002
REN_HEAT_CL,SK,2019,19.696,35.94457,22.804
REN_TRA,AT,2019,10.051,86.31972,32.449
REN_TRA,BE,2019,6.817,115.64899,35.683
REN_TRA,BG,2019,7.893,45.93617,34.607
REN_TRA,CY,2019,3.316,8.71516,39.184
REN_TRA,CZ,2019,7.841,127.13757,34.659
REN_TRA,DE,2019,7.63,839.10402,34.87
REN_TRA,DK,2019,7.11,47.20787,35.39
REN_TRA,EE,2019,6.243,17.31765,36.257
REN_TRA,EL,2019,4.049,81.22711,38.451
REN_TRA,ES,2019,7.61,255.21534,34.89
REN_TRA,FI,2019,14.845,51.06771,27.655
REN_TRA,FR,2019,9.248,393.67981,33.252
REN_TRA,HR,2019,5.855,18.9637,36.644999999999996
REN_TRA,HU,2019,8.057,59.44052,34.443
REN_TRA,IE,2019,8.917,62.70089,33.583
REN_TRA,IT,2019,9.047,360.67062,33.453
REN_TRA,LT,2019,4.049,14.18523,38.451
REN_TRA,LU,2019,7.707,10.42528,34.793
REN_TRA,LV,2019,4.554,7.11444,37.946
REN_TRA,MT,2019,8.902,2.12019,33.598
REN_TRA,NL,2019,12.326,184.70742,30.174
REN_TRA,PL,2019,6.2,353.55832,36.3
REN_TRA,PT,2019,9.089,61.23863,33.411
REN_TRA,RO,2019,7.846,76.43268,34.653999999999996
REN_TRA,SE,2019,30.309,9.53654,12.190999999999999
REN_TRA,SI,2019,7.983,12.61402,34.517
REN_TRA,SK,2019,8.308,35.94457,34.192
REN,AT,2020,36.545,73.38627,5.954999999999998
REN,BE,2020,13.0,106.29948,29.5
REN,BG,2020,23.319,40.12314,19.181
REN,CY,2020,16.879,8.33749,25.621
REN,CZ,2020,17.303,121.05142,25.197
REN,DE,2020,19.09,778.61853,23.41
REN,DK,2020,31.681,44.33463,10.818999999999999
REN,EE,2020,30.069,12.70601,12.431000000000001
REN,EL,2020,21.749,70.67716,20.751
REN,ES,2020,21.22,217.62401,21.28
REN,FI,2020,43.939,45.26058,-1.439
REN,FR,2020,19.109,350.31886,23.391
REN,HR,2020,31.023,18.19835,11.477
REN,HU,2020,13.85,55.99245,28.65
REN,IE,2020,16.16,60.85931,26.34
REN,IT,2020,20.359,330.35236,22.141
REN,LT,2020,26.773,13.7974,15.727
REN,LU,2020,11.699,8.62014,30.801000000000002
REN,LV,2020,42.132,7.92808,0.3680000000000021
REN,MT,2020,10.714,2.08204,31.786
REN,NL,2020,13.999,167.82017,28.500999999999998
REN,PL,2020,16.102,336.87841,26.398
REN,PT,2020,33.982,55.22422,8.518
REN,RO,2020,24.478,68.91633,18.022
REN,SE,2020,60.124,6.12453,-17.624000000000002
REN,SI,2020,25.0,11.56197,17.5
REN,SK,2020,17.345,30.98556,25.155
REN_ELC,AT,2020,78.204,73.38627,-35.70399999999999
REN_ELC,BE,2020,25.122,106.29948,17.378
REN_ELC,BG,2020,23.586,40.12314,18.914
REN_ELC,CY,2020,12.041,8.33749,30.459
REN_ELC,CZ,2020,14.81,121.05142,27.689999999999998
REN_ELC,DE,2020,44.215,778.61853,-1.7150000000000034
REN_ELC,DK,2020,65.323,44.33463,-22.822999999999993
REN_ELC,EE,2020,28.293,12.70601,14.207
REN_ELC,EL,2020,35.856,70.67716,6.643999999999998
REN_ELC,ES,2020,42.944,217.62401,-0.4440000000000026
REN_ELC,FI,2020,39.564,45.26058,2.936
REN_ELC,FR,2020,24.819,350.31886,17.681
REN_ELC,HR,2020,53.816,18.19835,-11.316000000000003
REN_ELC,HU,2020,11.904,55.99245,30.596
REN_ELC,IE,2020,39.055,60.85931,3.4450000000000003
REN_ELC,IT,2020,38.081,330.35236,4.418999999999997
REN_ELC,LT,2020,20.166,13.7974,22.334
REN_ELC,LU,2020,13.887,8.62014,28.613
REN_ELC,LV,2020,53.357,7.92808,-10.857
REN_ELC,MT,2020,9.489,2.08204,33.010999999999996
REN_ELC,NL,2020,26.407,167.82017,16.093
REN_ELC,PL,2020,16.237,336.87841,26.263
REN_ELC,PT,2020,58.032,55.22422,-15.531999999999996
REN_ELC,RO,2020,43.374,68.91633,-0.8740000000000023
REN_ELC,SE,2020,74.495,6.12453,-31.995000000000005
REN_ELC,SI,2020,35.095,11.56197,7.405000000000001
REN_ELC,SK,2020,23.066,30.98556,19.434
REN_HEAT_CL,AT,2020,34.995,73.38627,7.505000000000003
REN_HEAT_CL,BE,2020,8.447,106.29948,34.053
REN_HEAT_CL,BG,2020,37.178,40.12314,5.322000000000003
REN_HEAT_CL,CY,2020,37.117,8.33749,5.383000000000003
REN_HEAT_CL,CZ,2020,23.535,121.05142,18.965
REN_HEAT_CL,DE,2020,14.481,778.61853,28.019
REN_HEAT_CL,DK,2020,51.073,44.33463,-8.573
REN_HEAT_CL,EE,2020,58.834,12.70601,-16.334000000000003
REN_HEAT_CL,EL,2020,31.941,70.67716,10.559000000000001
REN_HEAT_CL,ES,2020,17.966,217.62401,24.534
REN_HEAT_CL,FI,2020,57.622,45.26058,-15.122
REN_HEAT_CL,FR,2020,23.368,350.31886,19.132
REN_HEAT_CL,HR,2020,36.928,18.19835,5.572000000000003
REN_HEAT_CL,HU,2020,17.72,55.99245,24.78
REN_HEAT_CL,IE,2020,6.264,60.85931,36.236
REN_HEAT_CL,IT,2020,19.949,330.35236,22.551
REN_HEAT_CL,LT,2020,50.35,13.7974,-7.850000000000001
REN_HEAT_CL,LU,2020,12.614,8.62014,29.886
REN_HEAT_CL,LV,2020,57.094,7.92808,-14.594000000000001
REN_HEAT_CL,MT,2020,23.027,2.08204,19.473
REN_HEAT_CL,NL,2020,8.053,167.82017,34.447
REN_HEAT_CL,PL,2020,22.143,336.87841,20.357
REN_HEAT_CL,PT,2020,41.546,55.22422,0.9540000000000006
REN_HEAT_CL,RO,2020,25.327,68.91633,17.173
REN_HEAT_CL,SE,2020,66.381,6.12453,-23.881
REN_HEAT_CL,SI,2020,32.141,11.56197,10.359000000000002
REN_HEAT_CL,SK,2020,19.427,30.98556,23.073
REN_TRA,AT,2020,10.283,73.38627,32.217
REN_TRA,BE,2020,11.035,106.29948,31.465
REN_TRA,BG,2020,9.101,40.12314,33.399
REN_TRA,CY,2020,7.401,8.33749,35.099000000000004
REN_TRA,CZ,2020,9.383,121.05142,33.117000000000004
REN_TRA,DE,2020,10.008,778.61853,32.492000000000004
REN_TRA,DK,2020,9.701,44.33463,32.799
REN_TRA,EE,2020,12.165,12.70601,30.335
REN_TRA,EL,2020,5.341,70.67716,37.159
REN_TRA,ES,2020,9.528,217.62401,32.972
REN_TRA,FI,2020,14.31,45.26058,28.189999999999998
REN_TRA,FR,2020,9.207,350.31886,33.293
REN_TRA,HR,2020,6.593,18.19835,35.907
REN_TRA,HU,2020,11.571,55.99245,30.929000000000002
REN_TRA,IE,2020,10.187,60.85931,32.313
REN_TRA,IT,2020,10.736,330.35236,31.764
REN_TRA,LT,2020,5.511,13.7974,36.989
REN_TRA,LU,2020,12.581,8.62014,29.919
REN_TRA,LV,2020,6.733,7.92808,35.767
REN_TRA,MT,2020,10.586,2.08204,31.914
REN_TRA,NL,2020,12.631,167.82017,29.869
REN_TRA,PL,2020,6.575,336.87841,35.925
REN_TRA,PT,2020,9.701,55.22422,32.799
REN_TRA,RO,2020,8.54,68.91633,33.96
REN_TRA,SE,2020,31.854,6.12453,10.646
REN_TRA,SI,2020,10.911,11.56197,31.589
REN_TRA,SK,2020,9.259,30.98556,33.241
REN,AT,2021,34.643,74.26005,7.856999999999999
REN,BE,2021,13.017,109.08231,29.483
REN,BG,2021,19.394,45.97569,23.106
REN,CY,2021,19.069,8.61594,23.431
REN,CZ,2021,17.614,122.85428,24.886
REN,DE,2021,19.302,807.72137,23.198
REN,DK,2021,41.494,44.27703,1.0060000000000002
REN,EE,2021,37.342,13.53896,5.158000000000001
REN,EL,2021,22.001,72.83366,20.499
REN,ES,2021,20.552,233.82407,21.948
REN,FI,2021,42.819,55.45642,-0.3190000000000026
REN,FR,2021,19.391,382.37615,23.109
REN,HR,2021,31.285,18.55467,11.215
REN,HU,2021,14.134,56.60933,28.366
REN,IE,2021,12.945,63.10893,29.555
REN,IT,2021,18.888,361.97631,23.612
REN,LT,2021,28.167,13.79389,14.332999999999998
REN,LU,2021,11.713,8.7994,30.787
REN,LV,2021,42.112,9.85147,0.3879999999999981
REN,MT,2021,12.631,2.09644,29.869
REN,NL,2021,13.117,170.83691,29.383
REN,PL,2021,15.604,365.00224,26.896
REN,PT,2021,33.982,55.52669,8.518
REN,RO,2021,23.871,75.36554,18.629
REN,SE,2021,62.527,7.86396,-20.027
REN,SI,2021,25.0,11.73199,17.5
REN,SK,2021,17.419,34.7281,25.081
REN_ELC,AT,2021,74.008,74.26005,-31.507999999999996
REN_ELC,BE,2021,26.035,109.08231,16.465
REN_ELC,BG,2021,21.413,45.97569,21.087
REN_ELC,CY,2021,14.84,8.61594,27.66
REN_ELC,CZ,2021,14.468,122.85428,28.032
REN_ELC,DE,2021,43.964,807.72137,-1.4639999999999986
REN_ELC,DK,2021,73.181,44.27703,-30.680999999999997
REN_ELC,EE,2021,29.197,13.53896,13.303
REN_ELC,EL,2021,35.881,72.83366,6.619
REN_ELC,ES,2021,45.994,233.82407,-3.4939999999999998
REN_ELC,FI,2021,39.583,55.45642,2.9170000000000016
REN_ELC,FR,2021,24.815,382.37615,17.685
REN_ELC,HR,2021,53.471,18.55467,-10.970999999999997
REN_ELC,HU,2021,13.66,56.60933,28.84
REN_ELC,IE,2021,37.665,63.10893,4.835000000000001
REN_ELC,IT,2021,35.996,361.97631,6.503999999999998
REN_ELC,LT,2021,21.278,13.79389,21.222
REN_ELC,LU,2021,14.216,8.7994,28.284
REN_ELC,LV,2021,51.399,9.85147,-8.899000000000001
REN_ELC,MT,2021,9.649,2.09644,32.851
REN_ELC,NL,2021,33.251,170.83691,9.249000000000002
REN_ELC,PL,2021,17.167,365.00224,25.333
REN_ELC,PT,2021,58.433,55.52669,-15.933
REN_ELC,RO,2021,42.676,75.36554,-0.17600000000000193
REN_ELC,SE,2021,75.76,7.86396,-33.260000000000005
REN_ELC,SI,2021,34.976,11.73199,7.524000000000001
REN_ELC,SK,2021,22.402,34.7281,20.098
REN_HEAT_CL,AT,2021,33.127,74.26005,9.372999999999998
REN_HEAT_CL,BE,2021,9.21,109.08231,33.29
REN_HEAT_CL,BG,2021,29.855,45.97569,12.645
REN_HEAT_CL,CY,2021,42.595,8.61594,-0.09499999999999886
REN_HEAT_CL,CZ,2021,24.349,122.85428,18.151
REN_HEAT_CL,DE,2021,15.533,807.72137,26.967
REN_HEAT_CL,DK,2021,51.552,44.27703,-9.052
REN_HEAT_CL,EE,2021,61.347,13.53896,-18.847
REN_HEAT_CL,EL,2021,31.081,72.83366,11.419
REN_HEAT_CL,ES,2021,16.971,233.82407,25.529
REN_HEAT_CL,FI,2021,52.085,55.45642,-9.585
REN_HEAT_CL,FR,2021,24.757,382.37615,17.743
REN_HEAT_CL,HR,2021,38.006,18.55467,4.494
REN_HEAT_CL,HU,2021,17.898,56.60933,24.602
REN_HEAT_CL,IE,2021,5.421,63.10893,37.079
REN_HEAT_CL,IT,2021,19.354,361.97631,23.146
REN_HEAT_CL,LT,2021,48.625,13.79389,-6.125
REN_HEAT_CL,LU,2021,12.842,8.7994,29.658
REN_HEAT_CL,LV,2021,57.383,9.85147,-14.883000000000003
REN_HEAT_CL,MT,2021,32.606,2.09644,9.893999999999998
REN_HEAT_CL,NL,2021,8.071,170.83691,34.429
REN_HEAT_CL,PL,2021,20.978,365.00224,21.522
REN_HEAT_CL,PT,2021,42.681,55.52669,-0.18099999999999739
REN_HEAT_CL,RO,2021,24.573,75.36554,17.927
REN_HEAT_CL,SE,2021,68.53,7.86396,-26.03
REN_HEAT_CL,SI,2021,35.216,11.73199,7.283999999999999
REN_HEAT_CL,SK,2021,19.521,34.7281,22.979
REN_TRA,AT,2021,9.648,74.26005,32.852000000000004
REN_TRA,BE,2021,10.332,109.08231,32.168
REN_TRA,BG,2021,7.613,45.97569,34.887
REN_TRA,CY,2021,7.189,8.61594,35.311
REN_TRA,CZ,2021,6.74,122.85428,35.76
REN_TRA,DE,2021,8.104,807.72137,34.396
REN_TRA,DK,2021,10.062,44.27703,32.438
REN_TRA,EE,2021,11.187,13.53896,31.313000000000002
REN_TRA,EL,2021,4.414,72.83366,38.086
REN_TRA,ES,2021,9.207,233.82407,33.293
REN_TRA,FI,2021,20.298,55.45642,22.202
REN_TRA,FR,2021,8.114,382.37615,34.385999999999996
REN_TRA,HR,2021,6.985,18.55467,35.515
REN_TRA,HU,2021,6.165,56.60933,36.335
REN_TRA,IE,2021,4.646,63.10893,37.854
REN_TRA,IT,2021,9.87,361.97631,32.63
REN_TRA,LT,2021,6.467,13.79389,36.033
REN_TRA,LU,2021,7.968,8.7994,34.532
REN_TRA,LV,2021,6.436,9.85147,36.064
REN_TRA,MT,2021,10.516,2.09644,31.984
REN_TRA,NL,2021,9.279,170.83691,33.221000000000004
REN_TRA,PL,2021,5.674,365.00224,36.826
REN_TRA,PT,2021,8.611,55.52669,33.888999999999996
REN_TRA,RO,2021,8.917,75.36554,33.583
REN_TRA,SE,2021,28.677,7.86396,13.823
REN_TRA,SI,2021,10.642,11.73199,31.858
REN_TRA,SK,2021,8.755,34.7281,33.745
REN,AT,2022,34.057,72.75311,8.442999999999998
REN,BE,2022,13.831,102.07059,28.669
REN,BG,2022,19.079,50.11445,23.421
REN,CY,2022,19.427,8.5871,23.073
REN,CZ,2022,18.123,116.80605,24.377
REN,DE,2022,20.829,806.86541,21.671
REN,DK,2022,41.368,41.82452,1.131999999999998
REN,EE,2022,38.542,14.95537,3.9579999999999984
REN,EL,2022,22.671,72.45965,19.829
REN,ES,2022,21.837,240.24897,20.663
REN,FI,2022,47.74,53.65573,-5.240000000000002
REN,FR,2022,20.33,367.98402,22.17
REN,HR,2022,28.088,19.5733,14.411999999999999
REN,HU,2022,15.128,54.51695,27.372
REN,IE,2022,13.017,61.47941,29.483
REN,IT,2022,18.826,360.66652,23.674
REN,LT,2022,29.599,11.99003,12.901
REN,LU,2022,14.286,7.52755,28.214
REN,LV,2022,43.786,12.45206,-1.2860000000000014
REN,MT,2022,14.04,2.25467,28.46
REN,NL,2022,15.291,155.92711,27.209
REN,PL,2022,16.644,334.52418,25.856
REN,PT,2022,34.675,57.90929,7.825000000000003
REN,RO,2022,24.229,69.79171,18.271
REN,SE,2022,66.287,2.02248,-23.787000000000006
REN,SI,2022,25.002,11.39093,17.498
REN,SK,2022,17.482,31.22907,25.018
REN_ELC,AT,2022,73.64,72.75311,-31.14
REN_ELC,BE,2022,29.505,102.07059,12.995000000000001
REN_ELC,BG,2022,20.362,50.11445,22.138
REN_ELC,CY,2022,16.963,8.5871,25.537
REN_ELC,CZ,2022,15.498,116.80605,27.002000000000002
REN_ELC,DE,2022,48.041,806.86541,-5.540999999999997
REN_ELC,DK,2022,76.708,41.82452,-34.208
REN_ELC,EE,2022,29.115,14.95537,13.385000000000002
REN_ELC,EL,2022,42.361,72.45965,0.1390000000000029
REN_ELC,ES,2022,50.888,240.24897,-8.387999999999998
REN_ELC,FI,2022,47.966,53.65573,-5.466000000000001
REN_ELC,FR,2022,27.36,367.98402,15.14
REN_ELC,HR,2022,56.245,19.5733,-13.744999999999997
REN_ELC,HU,2022,15.333,54.51695,27.167
REN_ELC,IE,2022,37.387,61.47941,5.1129999999999995
REN_ELC,IT,2022,37.102,360.66652,5.398000000000003
REN_ELC,LT,2022,26.461,11.99003,16.039
REN_ELC,LU,2022,16.321,7.52755,26.179
REN_ELC,LV,2022,53.519,12.45206,-11.018999999999998
REN_ELC,MT,2022,10.109,2.25467,32.391
REN_ELC,NL,2022,39.651,155.92711,2.8489999999999966
REN_ELC,PL,2022,21.009,334.52418,21.491
REN_ELC,PT,2022,60.991,57.90929,-18.491
REN_ELC,RO,2022,43.726,69.79171,-1.225999999999999
REN_ELC,SE,2022,83.372,2.02248,-40.872
REN_ELC,SI,2022,37.005,11.39093,5.494999999999997
REN_ELC,SK,2022,22.901,31.22907,19.599
REN_HEAT_CL,AT,2022,31.819,72.75311,10.681000000000001
REN_HEAT_CL,BE,2022,10.425,102.07059,32.075
REN_HEAT_CL,BG,2022,31.485,50.11445,11.015
REN_HEAT_CL,CY,2022,41.56,8.5871,0.9399999999999977
REN_HEAT_CL,CZ,2022,25.821,116.80605,16.679
REN_HEAT_CL,DE,2022,17.391,806.86541,25.109
REN_HEAT_CL,DK,2022,51.4,41.82452,-8.899999999999999
REN_HEAT_CL,EE,2022,65.442,14.95537,-22.941999999999993
REN_HEAT_CL,EL,2022,30.622,72.45965,11.878
REN_HEAT_CL,ES,2022,19.332,240.24897,23.168
REN_HEAT_CL,FI,2022,58.292,53.65573,-15.792000000000002
REN_HEAT_CL,FR,2022,26.603,367.98402,15.896999999999998
REN_HEAT_CL,HR,2022,37.213,19.5733,5.286999999999999
REN_HEAT_CL,HU,2022,20.232,54.51695,22.268
REN_HEAT_CL,IE,2022,5.334,61.47941,37.166
REN_HEAT_CL,IT,2022,19.901,360.66652,22.599
REN_HEAT_CL,LT,2022,51.54,11.99003,-9.04
REN_HEAT_CL,LU,2022,14.976,7.52755,27.524
REN_HEAT_CL,LV,2022,60.996,12.45206,-18.496000000000002
REN_HEAT_CL,MT,2022,40.224,2.25467,2.2760000000000034
REN_HEAT_CL,NL,2022,9.192,155.92711,33.308
REN_HEAT_CL,PL,2022,22.095,334.52418,20.405
REN_HEAT_CL,PT,2022,45.545,57.90929,-3.0450000000000017
REN_HEAT_CL,RO,2022,26.251,69.79171,16.249
REN_HEAT_CL,SE,2022,69.81,2.02248,-27.310000000000002
REN_HEAT_CL,SI,2022,33.989,11.39093,8.511000000000003
REN_HEAT_CL,SK,2022,19.883,31.22907,22.617
REN_TRA,AT,2022,10.751,72.75311,31.749000000000002
REN_TRA,BE,2022,10.472,102.07059,32.028
REN_TRA,BG,2022,7.662,50.11445,34.838
REN_TRA,CY,2022,7.228,8.5871,35.272
REN_TRA,CZ,2022,6.24,116.80605,36.26
REN_TRA,DE,2022,10.07,806.86541,32.43
REN_TRA,DK,2022,9.976,41.82452,32.524
REN_TRA,EE,2022,8.531,14.95537,33.969
REN_TRA,EL,2022,4.083,72.45965,38.417
REN_TRA,ES,2022,9.683,240.24897,32.817
REN_TRA,FI,2022,18.535,53.65573,23.965
REN_TRA,FR,2022,8.941,367.98402,33.559
REN_TRA,HR,2022,2.395,19.5733,40.105
REN_TRA,HU,2022,7.77,54.51695,34.730000000000004
REN_TRA,IE,2022,5.825,61.47941,36.675
REN_TRA,IT,2022,10.048,360.66652,32.452
REN_TRA,LT,2022,6.682,11.99003,35.818
REN_TRA,LU,2022,8.71,7.52755,33.79
REN_TRA,LV,2022,3.123,12.45206,39.377
REN_TRA,MT,2022,10.473,2.25467,32.027
REN_TRA,NL,2022,11.163,155.92711,31.337
REN_TRA,PL,2022,5.791,334.52418,36.709
REN_TRA,PT,2022,8.706,57.90929,33.794
REN_TRA,RO,2022,8.924,69.79171,33.576
REN_TRA,SE,2022,28.841,2.02248,13.658999999999999
REN_TRA,SI,2022,7.828,11.39093,34.672
REN_TRA,SK,2022,8.931,31.22907,33.569
REN,AT,2023,41.6,75.3717,0.8999999999999986
REN,BE,2023,14.673,97.44699,27.826999999999998
REN,BG,2023,23.151,38.0459,19.349
REN,CY,2023,20.213,8.61918,22.287
REN,CZ,2023,18.555,98.4834,23.945
REN,DE,2023,21.512,742.84889,20.988
REN,DK,2023,43.728,38.32908,-1.2280000000000015
REN,EE,2023,40.95,13.38139,1.5499999999999972
REN,EL,2023,25.269,67.7104,17.231
REN,ES,2023,24.981,217.42633,17.519
REN,FI,2023,50.784,48.07789,-8.283999999999999
REN,FR,2023,22.462,338.99837,20.038
REN,HR,2023,28.088,19.77388,14.411999999999999
REN,HU,2023,17.117,48.88044,25.383
REN,IE,2023,15.243,57.95726,27.256999999999998
REN,IT,2023,19.179,319.57461,23.321
REN,LT,2023,31.927,11.56123,10.573
REN,LU,2023,14.312,7.13762,28.188000000000002
REN,LV,2023,43.25,11.55612,-0.75
REN,MT,2023,15.437,2.20477,27.063000000000002
REN,NL,2023,17.588,146.09236,24.912
REN,PL,2023,16.651,307.83635,25.849
REN,PT,2023,35.154,52.66088,7.3459999999999965
REN,RO,2023,25.758,64.70355,16.742
REN,SE,2023,66.393,-1.81616,-23.893
REN,SI,2023,25.066,10.46942,17.434
REN,SK,2023,16.991,29.49986,25.509
REN_ELC,AT,2023,87.899,75.3717,-45.399
REN_ELC,BE,2023,31.368,97.44699,11.132000000000001
REN_ELC,BG,2023,29.702,38.0459,12.797999999999998
REN_ELC,CY,2023,20.939,8.61918,21.561
REN_ELC,CZ,2023,16.447,98.4834,26.053
REN_ELC,DE,2023,51.945,742.84889,-9.445
REN_ELC,DK,2023,78.975,38.32908,-36.474999999999994
REN_ELC,EE,2023,31.845,13.38139,10.655000000000001
REN_ELC,EL,2023,48.225,67.7104,-5.725000000000001
REN_ELC,ES,2023,56.915,217.42633,-14.415
REN_ELC,FI,2023,52.374,48.07789,-9.874000000000002
REN_ELC,FR,2023,30.295,338.99837,12.204999999999998
REN_ELC,HR,2023,57.518,19.77388,-15.018
REN_ELC,HU,2023,19.537,48.88044,22.963
REN_ELC,IE,2023,40.43,57.95726,2.0700000000000003
REN_ELC,IT,2023,38.905,319.57461,3.594999999999999
REN_ELC,LT,2023,36.469,11.56123,6.030999999999999
REN_ELC,LU,2023,18.196,7.13762,24.304
REN_ELC,LV,2023,54.317,11.55612,-11.817
REN_ELC,MT,2023,10.729,2.20477,31.771
REN_ELC,NL,2023,46.419,146.09236,-3.918999999999997
REN_ELC,PL,2023,25.793,307.83635,16.707
REN_ELC,PT,2023,63.01,52.66088,-20.509999999999998
REN_ELC,RO,2023,47.391,64.70355,-4.890999999999998
REN_ELC,SE,2023,87.547,-1.81616,-45.047
REN_ELC,SI,2023,41.887,10.46942,0.6129999999999995
REN_ELC,SK,2023,24.201,29.49986,18.299
REN_HEAT_CL,AT,2023,40.77,75.3717,1.7299999999999969
REN_HEAT_CL,BE,2023,11.211,97.44699,31.289
REN_HEAT_CL,BG,2023,36.059,38.0459,6.4410000000000025
REN_HEAT_CL,CY,2023,42.75,8.61918,-0.25
REN_HEAT_CL,CZ,2023,27.675,98.4834,14.825
REN_HEAT_CL,DE,2023,16.909,742.84889,25.591
REN_HEAT_CL,DK,2023,54.503,38.32908,-12.003
REN_HEAT_CL,EE,2023,66.668,13.38139,-24.168000000000006
REN_HEAT_CL,EL,2023,35.547,67.7104,6.953000000000003
REN_HEAT_CL,ES,2023,21.904,217.42633,20.596
REN_HEAT_CL,FI,2023,61.355,48.07789,-18.854999999999997
REN_HEAT_CL,FR,2023,30.182,338.99837,12.318000000000001
REN_HEAT_CL,HR,2023,36.173,19.77388,6.326999999999998
REN_HEAT_CL,HU,2023,22.268,48.88044,20.232
REN_HEAT_CL,IE,2023,7.778,57.95726,34.722
REN_HEAT_CL,IT,2023,20.283,319.57461,22.217
REN_HEAT_CL,LT,2023,53.611,11.56123,-11.110999999999997
REN_HEAT_CL,LU,2023,15.388,7.13762,27.112000000000002
REN_HEAT_CL,LV,2023,61.401,11.55612,-18.901000000000003
REN_HEAT_CL,MT,2023,53.231,2.20477,-10.731000000000002
REN_HEAT_CL,NL,2023,10.359,146.09236,32.141
REN_HEAT_CL,PL,2023,20.61,307.83635,21.89
REN_HEAT_CL,PT,2023,47.098,52.66088,-4.597999999999999
REN_HEAT_CL,RO,2023,29.126,64.70355,13.373999999999999
REN_HEAT_CL,SE,2023,67.068,-1.81616,-24.567999999999998
REN_HEAT_CL,SI,2023,34.302,10.46942,8.198
REN_HEAT_CL,SK,2023,18.795,29.49986,23.705
REN_TRA,AT,2023,13.576,75.3717,28.924
REN_TRA,BE,2023,12.177,97.44699,30.323
REN_TRA,BG,2023,8.089,38.0459,34.411
REN_TRA,CY,2023,7.285,8.61918,35.215
REN_TRA,CZ,2023,5.653,98.4834,36.847
REN_TRA,DE,2023,12.257,742.84889,30.243000000000002
REN_TRA,DK,2023,11.133,38.32908,31.367
REN_TRA,EE,2023,9.065,13.38139,33.435
REN_TRA,EL,2023,3.942,67.7104,38.558
REN_TRA,ES,2023,11.96,217.42633,30.54
REN_TRA,FI,2023,20.299,48.07789,22.201
REN_TRA,FR,2023,9.944,338.99837,32.556
REN_TRA,HR,2023,0.919,19.77388,41.581
REN_TRA,HU,2023,7.575,48.88044,34.925
REN_TRA,IE,2023,7.593,57.95726,34.907
REN_TRA,IT,2023,10.435,319.57461,32.065
REN_TRA,LT,2023,7.231,11.56123,35.269
REN_TRA,LU,2023,9.118,7.13762,33.382
REN_TRA,LV,2023,1.358,11.55612,41.142
REN_TRA,MT,2023,10.748,2.20477,31.752000000000002
REN_TRA,NL,2023,13.51,146.09236,28.990000000000002
REN_TRA,PL,2023,6.339,307.83635,36.161
REN_TRA,PT,2023,11.162,52.66088,31.338
REN_TRA,RO,2023,8.39,64.70355,34.11
REN_TRA,SE,2023,33.645,-1.81616,8.854999999999997
REN_TRA,SI,2023,10.021,10.46942,32.479
REN_TRA,SK,2023,9.182,29.49986,33.318
REN,AT,2024,42.951,70.04211,-0.4510000000000005
REN,BE,2024,14.336,97.41448,28.164
REN,BG,2024,23.21,35.43479,19.29
REN,CY,2024,20.844,8.66536,21.656
REN,CZ,2024,19.211,91.9667,23.289
REN,DE,2024,22.474,707.60837,20.026
REN,DK,2024,46.461,36.63566,-3.9609999999999985
REN,EE,2024,42.232,12.14717,0.2680000000000007
REN,EL,2024,25.364,68.80523,17.136
REN,ES,2024,25.417,215.78648,17.083
REN,FI,2024,52.124,49.05179,-9.624000000000002
REN,FR,2024,23.229,325.8377,19.271
REN,HR,2024,26.477,20.86989,16.023
REN,HU,2024,18.264,47.31872,24.236
REN,IE,2024,16.064,56.44505,26.436
REN,IT,2024,19.385,299.42168,23.115
REN,LT,2024,35.408,10.47457,7.091999999999999
REN,LU,2024,14.742,6.86171,27.758
REN,LV,2024,45.535,12.49859,-3.0349999999999966
REN,MT,2024,17.21,2.1716,25.29
REN,NL,2024,20.18,144.39643,22.32
REN,PL,2024,17.77,316.4107,24.73
REN,PT,2024,36.319,52.14016,6.180999999999997
REN,RO,2024,25.378,64.58247,17.122
REN,SE,2024,62.846,-6.74422,-20.345999999999997
REN,SI,2024,25.001,11.03227,17.499
REN,SK,2024,18.092,28.92736,24.408
REN_ELC,AT,2024,90.065,70.04211,-47.565
REN_ELC,BE,2024,31.274,97.41448,11.225999999999999
REN_ELC,BG,2024,33.843,35.43479,8.656999999999996
REN_ELC,CY,2024,24.086,8.66536,18.414
REN_ELC,CZ,2024,17.928,91.9667,24.572
REN_ELC,DE,2024,54.084,707.60837,-11.584000000000003
REN_ELC,DK,2024,79.655,36.63566,-37.155
REN_ELC,EE,2024,38.882,12.14717,3.618000000000002
REN_ELC,EL,2024,51.248,68.80523,-8.747999999999998
REN_ELC,ES,2024,59.673,215.78648,-17.173000000000002
REN_ELC,FI,2024,54.309,49.05179,-11.808999999999997
REN_ELC,FR,2024,31.344,325.8377,11.155999999999999
REN_ELC,HR,2024,58.04,20.86989,-15.54
REN_ELC,HU,2024,24.056,47.31872,18.444
REN_ELC,IE,2024,41.336,56.44505,1.1640000000000015
REN_ELC,IT,2024,40.654,299.42168,1.8459999999999965
REN_ELC,LT,2024,48.987,10.47457,-6.487000000000002
REN_ELC,LU,2024,20.5,6.86171,22.0
REN_ELC,LV,2024,55.514,12.49859,-13.014000000000003
REN_ELC,MT,2024,10.655,2.1716,31.845
REN_ELC,NL,2024,50.545,144.39643,-8.045000000000002
REN_ELC,PL,2024,30.37,316.4107,12.129999999999999
REN_ELC,PT,2024,65.801,52.14016,-23.301000000000002
REN_ELC,RO,2024,47.645,64.58247,-5.145000000000003
REN_ELC,SE,2024,88.143,-6.74422,-45.643
REN_ELC,SI,2024,43.079,11.03227,-0.5790000000000006
REN_ELC,SK,2024,24.91,28.92736,17.59
REN_HEAT_CL,AT,2024,42.169,70.04211,0.33100000000000307
REN_HEAT_CL,BE,2024,11.259,97.41448,31.241
REN_HEAT_CL,BG,2024,34.187,35.43479,8.313000000000002
REN_HEAT_CL,CY,2024,42.297,8.66536,0.20300000000000296
REN_HEAT_CL,CZ,2024,29.057,91.9667,13.443000000000001
REN_HEAT_CL,DE,2024,17.677,707.60837,24.823
REN_HEAT_CL,DK,2024,56.42,36.63566,-13.920000000000002
REN_HEAT_CL,EE,2024,67.811,12.14717,-25.311000000000007
REN_HEAT_CL,EL,2024,32.639,68.80523,9.860999999999997
REN_HEAT_CL,ES,2024,21.572,215.78648,20.928
REN_HEAT_CL,FI,2024,62.592,49.05179,-20.092
REN_HEAT_CL,FR,2024,31.316,325.8377,11.184000000000001
REN_HEAT_CL,HR,2024,34.805,20.86989,7.695
REN_HEAT_CL,HU,2024,22.608,47.31872,19.892
REN_HEAT_CL,IE,2024,7.913,56.44505,34.587
REN_HEAT_CL,IT,2024,20.223,299.42168,22.277
REN_HEAT_CL,LT,2024,52.084,10.47457,-9.584000000000003
REN_HEAT_CL,LU,2024,19.033,6.86171,23.467
REN_HEAT_CL,LV,2024,61.787,12.49859,-19.287
REN_HEAT_CL,MT,2024,59.209,2.1716,-16.709000000000003
REN_HEAT_CL,NL,2024,11.274,144.39643,31.226
REN_HEAT_CL,PL,2024,21.287,316.4107,21.213
REN_HEAT_CL,PT,2024,46.952,52.14016,-4.451999999999998
REN_HEAT_CL,RO,2024,28.097,64.58247,14.402999999999999
REN_HEAT_CL,SE,2024,67.828,-6.74422,-25.328000000000003
REN_HEAT_CL,SI,2024,33.661,11.03227,8.838999999999999
REN_HEAT_CL,SK,2024,20.427,28.92736,22.073
REN_TRA,AT,2024,14.591,70.04211,27.909
REN_TRA,BE,2024,12.717,97.41448,29.783
REN_TRA,BG,2024,8.197,35.43479,34.303
REN_TRA,CY,2024,7.389,8.66536,35.111
REN_TRA,CZ,2024,5.743,91.9667,36.757
REN_TRA,DE,2024,12.367,707.60837,30.133
REN_TRA,DK,2024,14.12,36.63566,28.380000000000003
REN_TRA,EE,2024,7.707,12.14717,34.793
REN_TRA,EL,2024,3.872,68.80523,38.628
REN_TRA,ES,2024,11.298,215.78648,31.201999999999998
REN_TRA,FI,2024,20.331,49.05179,22.169
REN_TRA,FR,2024,10.788,325.8377,31.712
REN_TRA,HR,2024,0.936,20.86989,41.564
REN_TRA,HU,2024,7.918,47.31872,34.582
REN_TRA,IE,2024,8.657,56.44505,33.843
REN_TRA,IT,2024,9.951,299.42168,32.549
REN_TRA,LT,2024,8.983,10.47457,33.516999999999996
REN_TRA,LU,2024,9.456,6.86171,33.044
REN_TRA,LV,2024,8.78,12.49859,33.72
REN_TRA,MT,2024,11.351,2.1716,31.149
REN_TRA,NL,2024,19.746,144.39643,22.754
REN_TRA,PL,2024,6.033,316.4107,36.467
REN_TRA,PT,2024,14.329,52.14016,28.171
REN_TRA,RO,2024,8.395,64.58247,34.105000000000004
REN_TRA,SE,2024,26.399,-6.74422,16.101
REN_TRA,SI,2024,9.242,11.03227,33.257999999999996
REN_TRA,SK,2024,9.611,28.92736,32.888999999999996
